:ID,:LABEL,:DATATYPE,:NAME,:LINE
0,CONTROL_STRUCTURE,,FOR,
1,CONTROL_STRUCTURE,,IF,
2,CONTROL_STRUCTURE,,ELSE,
3,CONTROL_STRUCTURE,,FOR,
4,CONTROL_STRUCTURE,,FOR,
5,CONTROL_STRUCTURE,,FOR,
6,CONTROL_STRUCTURE,,FOR,
7,CONTROL_STRUCTURE,,FOR,
8,CONTROL_STRUCTURE,,FOR,
9,CONTROL_STRUCTURE,,FOR,
10,CONTROL_STRUCTURE,,FOR,
11,CONTROL_STRUCTURE,,FOR,
12,CONTROL_STRUCTURE,,IF,
13,CONTROL_STRUCTURE,,IF,
14,CONTROL_STRUCTURE,,FOR,
15,CONTROL_STRUCTURE,,IF,
16,CONTROL_STRUCTURE,,FOR,
17,CONTROL_STRUCTURE,,IF,
18,CONTROL_STRUCTURE,,ELSE,
19,CONTROL_STRUCTURE,,IF,
20,CONTROL_STRUCTURE,,ELSE,
21,CONTROL_STRUCTURE,,IF,
22,CONTROL_STRUCTURE,,ELSE,
23,CONTROL_STRUCTURE,,IF,
24,CONTROL_STRUCTURE,,ELSE,
25,CONTROL_STRUCTURE,,IF,
26,CONTROL_STRUCTURE,,ELSE,
27,CONTROL_STRUCTURE,,IF,
28,CONTROL_STRUCTURE,,ELSE,
29,CONTROL_STRUCTURE,,IF,
30,CONTROL_STRUCTURE,,ELSE,
31,CONTROL_STRUCTURE,,IF,
32,CONTROL_STRUCTURE,,IF,
33,CONTROL_STRUCTURE,,ELSE,
34,CONTROL_STRUCTURE,,ELSE,
35,CONTROL_STRUCTURE,,IF,
36,CONTROL_STRUCTURE,,ELSE,
37,CONTROL_STRUCTURE,,IF,
38,CONTROL_STRUCTURE,,IF,
39,CONTROL_STRUCTURE,,FOR,
40,CONTROL_STRUCTURE,,IF,
41,CONTROL_STRUCTURE,,ELSE,
42,CONTROL_STRUCTURE,,IF,
43,CONTROL_STRUCTURE,,FOR,
44,CONTROL_STRUCTURE,,FOR,
45,CONTROL_STRUCTURE,,FOR,
46,CONTROL_STRUCTURE,,FOR,
47,CONTROL_STRUCTURE,,FOR,
48,CONTROL_STRUCTURE,,FOR,
49,CONTROL_STRUCTURE,,FOR,
50,CONTROL_STRUCTURE,,FOR,
51,CONTROL_STRUCTURE,,FOR,
52,CONTROL_STRUCTURE,,FOR,
53,CONTROL_STRUCTURE,,FOR,
54,CONTROL_STRUCTURE,,FOR,
55,CONTROL_STRUCTURE,,FOR,
56,CONTROL_STRUCTURE,,FOR,
57,CONTROL_STRUCTURE,,FOR,
58,CONTROL_STRUCTURE,,FOR,
59,CONTROL_STRUCTURE,,FOR,
60,CONTROL_STRUCTURE,,FOR,
61,CONTROL_STRUCTURE,,IF,
62,CONTROL_STRUCTURE,,FOR,
63,CONTROL_STRUCTURE,,FOR,
64,CONTROL_STRUCTURE,,FOR,
65,CONTROL_STRUCTURE,,FOR,
66,CONTROL_STRUCTURE,,FOR,
67,CONTROL_STRUCTURE,,IF,
68,CONTROL_STRUCTURE,,FOR,
69,CONTROL_STRUCTURE,,IF,
70,CONTROL_STRUCTURE,,FOR,
71,CONTROL_STRUCTURE,,IF,
72,CONTROL_STRUCTURE,,BREAK,
73,CONTROL_STRUCTURE,,ELSE,
74,CONTROL_STRUCTURE,,IF,
75,CONTROL_STRUCTURE,,BREAK,
76,CONTROL_STRUCTURE,,ELSE,
77,CONTROL_STRUCTURE,,IF,
78,CONTROL_STRUCTURE,,BREAK,
79,CONTROL_STRUCTURE,,IF,
80,CONTROL_STRUCTURE,,FOR,
81,CONTROL_STRUCTURE,,FOR,
82,CONTROL_STRUCTURE,,IF,
83,CONTROL_STRUCTURE,,ELSE,
84,CONTROL_STRUCTURE,,FOR,
85,CONTROL_STRUCTURE,,FOR,
86,CONTROL_STRUCTURE,,WHILE,
87,CONTROL_STRUCTURE,,IF,
88,CONTROL_STRUCTURE,,CONTINUE,
89,CONTROL_STRUCTURE,,FOR,
90,CONTROL_STRUCTURE,,IF,
91,CONTROL_STRUCTURE,,BREAK,
92,CONTROL_STRUCTURE,,IF,
93,CONTROL_STRUCTURE,,CONTINUE,
94,CONTROL_STRUCTURE,,FOR,
95,CONTROL_STRUCTURE,,IF,
96,CONTROL_STRUCTURE,,IF,
97,LITERAL,int,8,
98,LITERAL,int,0xff,
99,LITERAL,int,0xff,
100,LITERAL,int,8,
101,LITERAL,unsigned int,0xff000000u,
102,LITERAL,int,24,
103,LITERAL,unsigned int,0x00ff0000u,
104,LITERAL,int,8,
105,LITERAL,unsigned int,0x0000ff00u,
106,LITERAL,int,8,
107,LITERAL,unsigned int,0x000000ffu,
108,LITERAL,int,24,
109,LITERAL,unsigned long long int,0xff00000000000000ull,
110,LITERAL,int,56,
111,LITERAL,unsigned long long int,0x00ff000000000000ull,
112,LITERAL,int,40,
113,LITERAL,unsigned long long int,0x0000ff0000000000ull,
114,LITERAL,int,24,
115,LITERAL,unsigned long long int,0x000000ff00000000ull,
116,LITERAL,int,8,
117,LITERAL,unsigned long long int,0x00000000ff000000ull,
118,LITERAL,int,8,
119,LITERAL,unsigned long long int,0x0000000000ff0000ull,
120,LITERAL,int,24,
121,LITERAL,unsigned long long int,0x000000000000ff00ull,
122,LITERAL,int,40,
123,LITERAL,unsigned long long int,0x00000000000000ffull,
124,LITERAL,int,56,
125,LITERAL,int,0,
126,LITERAL,int,1,
127,LITERAL,int,2,
128,LITERAL,int,3,
129,LITERAL,int,4,
130,LITERAL,int,1,
131,LITERAL,int,0,
132,LITERAL,char,"""timer.flag""",
133,LITERAL,char,"""r""",
134,LITERAL,int,0,
135,LITERAL,char,"""init""",
136,LITERAL,char,"""benchmk""",
137,LITERAL,char,"""conjgd""",
138,LITERAL,int,0,
139,LITERAL,int,1,
140,LITERAL,int,0,
141,LITERAL,int,1,
142,LITERAL,char,"""\n\n NAS Parallel Benchmarks (NPB3.3-SER-C) - CG Benchmark\n\n""",
143,LITERAL,char,""" Size: %11d\n""",
144,LITERAL,char,""" Iterations: %5d\n""",
145,LITERAL,char,"""\n""",
146,LITERAL,double,314159265.0,
147,LITERAL,double,1220703125.0,
148,LITERAL,int,0,
149,LITERAL,int,1,
150,LITERAL,int,1,
151,LITERAL,int,0,
152,LITERAL,int,1,
153,LITERAL,double,1.0,
154,LITERAL,int,0,
155,LITERAL,int,1,
156,LITERAL,double,0.0,
157,LITERAL,double,0.0,
158,LITERAL,double,0.0,
159,LITERAL,double,0.0,
160,LITERAL,double,0.0,
161,LITERAL,int,1,
162,LITERAL,int,1,
163,LITERAL,double,0.0,
164,LITERAL,double,0.0,
165,LITERAL,int,0,
166,LITERAL,int,1,
167,LITERAL,double,1.0,
168,LITERAL,int,0,
169,LITERAL,int,1,
170,LITERAL,int,0,
171,LITERAL,int,1,
172,LITERAL,double,1.0,
173,LITERAL,double,0.0,
174,LITERAL,char,""" Initialization time = %15.3f seconds\n""",
175,LITERAL,int,1,
176,LITERAL,double,0.0,
177,LITERAL,double,0.0,
178,LITERAL,int,0,
179,LITERAL,int,1,
180,LITERAL,double,1.0,
181,LITERAL,double,1.0,
182,LITERAL,int,1,
183,LITERAL,char,"""\n   iteration           ||r||                 zeta\n""",
184,LITERAL,char,"""    %5d       %20.14E%20.13f\n""",
185,LITERAL,int,0,
186,LITERAL,int,1,
187,LITERAL,char,""" Benchmark completed\n""",
188,LITERAL,int,1400,
189,LITERAL,int,7,
190,LITERAL,int,15,
191,LITERAL,int,10,
192,LITERAL,char,'S',
193,LITERAL,double,8.5971775078648,
194,LITERAL,int,7000,
195,LITERAL,int,8,
196,LITERAL,int,15,
197,LITERAL,int,12,
198,LITERAL,char,'W',
199,LITERAL,double,10.362595087124,
200,LITERAL,int,14000,
201,LITERAL,int,11,
202,LITERAL,int,15,
203,LITERAL,int,20,
204,LITERAL,char,'A',
205,LITERAL,double,17.130235054029,
206,LITERAL,int,75000,
207,LITERAL,int,13,
208,LITERAL,int,75,
209,LITERAL,int,60,
210,LITERAL,char,'B',
211,LITERAL,double,22.712745482631,
212,LITERAL,int,150000,
213,LITERAL,int,15,
214,LITERAL,int,75,
215,LITERAL,int,110,
216,LITERAL,char,'C',
217,LITERAL,double,28.973605592845,
218,LITERAL,int,1500000,
219,LITERAL,int,21,
220,LITERAL,int,100,
221,LITERAL,int,500,
222,LITERAL,char,'D',
223,LITERAL,double,52.514532105794,
224,LITERAL,int,9000000,
225,LITERAL,int,26,
226,LITERAL,int,100,
227,LITERAL,int,1500,
228,LITERAL,char,'E',
229,LITERAL,double,77.522164599383,
230,LITERAL,char,'U',
231,LITERAL,double,1.0e-4,
232,LITERAL,char,'U',
233,LITERAL,char,""" VERIFICATION SUCCESSFUL\n""",
234,LITERAL,char,""" Zeta is    %20.13E\n""",
235,LITERAL,char,""" Error is   %20.13E\n""",
236,LITERAL,char,""" VERIFICATION FAILED\n""",
237,LITERAL,char,""" Zeta                %20.13E\n""",
238,LITERAL,char,""" The correct zeta is %20.13E\n""",
239,LITERAL,char,"""./log.txt""",
240,LITERAL,char,"""w""",
241,LITERAL,char,"""true\n""",
242,LITERAL,char,"""false\n""",
243,LITERAL,char,"""%20.13E\n""",
244,LITERAL,char,"""%20.13E\n""",
245,LITERAL,char,""" Problem size unknown\n""",
246,LITERAL,char,""" NO VERIFICATION PERFORMED\n""",
247,LITERAL,double,0.0,
248,LITERAL,int,2,
249,LITERAL,double,3.0,
250,LITERAL,int,1,
251,LITERAL,double,25.0,
252,LITERAL,double,5.0,
253,LITERAL,int,1,
254,LITERAL,double,3.0,
255,LITERAL,double,1000000.0,
256,LITERAL,double,0.0,
257,LITERAL,char,"""./time.txt""",
258,LITERAL,char,"""w""",
259,LITERAL,char,"""%f\n""",
260,LITERAL,char,"""CG""",
261,LITERAL,int,0,
262,LITERAL,int,0,
263,LITERAL,char,"""          floating point""",
264,LITERAL,double,0.0,
265,LITERAL,double,1.0,
266,LITERAL,char,"""  SECTION   Time (secs)\n""",
267,LITERAL,int,0,
268,LITERAL,char,"""  %8s:%9.3f\n""",
269,LITERAL,char,"""  %8s:%9.3f  (%6.2f%%)\n""",
270,LITERAL,double,100.0,
271,LITERAL,char,"""    --> %8s:%9.3f  (%6.2f%%)\n""",
272,LITERAL,char,"""rest""",
273,LITERAL,double,100.0,
274,LITERAL,int,0,
275,LITERAL,int,25,
276,LITERAL,double,0.0,
277,LITERAL,int,0,
278,LITERAL,int,1,
279,LITERAL,double,0.0,
280,LITERAL,double,0.0,
281,LITERAL,int,0,
282,LITERAL,int,1,
283,LITERAL,int,1,
284,LITERAL,int,0,
285,LITERAL,int,1,
286,LITERAL,double,0.0,
287,LITERAL,int,1,
288,LITERAL,double,0.0,
289,LITERAL,int,0,
290,LITERAL,int,1,
291,LITERAL,double,0.0,
292,LITERAL,int,0,
293,LITERAL,int,1,
294,LITERAL,int,0,
295,LITERAL,int,1,
296,LITERAL,int,0,
297,LITERAL,int,1,
298,LITERAL,double,0.0,
299,LITERAL,int,0,
300,LITERAL,int,1,
301,LITERAL,double,0.0,
302,LITERAL,int,1,
303,LITERAL,int,0,
304,LITERAL,int,1,
305,LITERAL,int,1,
306,LITERAL,int,2,
307,LITERAL,int,0,
308,LITERAL,int,1,
309,LITERAL,double,0.5,
310,LITERAL,int,0,
311,LITERAL,int,1,
312,LITERAL,int,1,
313,LITERAL,int,0,
314,LITERAL,int,1,
315,LITERAL,int,0,
316,LITERAL,int,0,
317,LITERAL,int,0,
318,LITERAL,int,1,
319,LITERAL,int,0,
320,LITERAL,int,0,
321,LITERAL,int,1,
322,LITERAL,int,1,
323,LITERAL,int,1,
324,LITERAL,int,1,
325,LITERAL,char,"""Space for matrix elements exceeded in sparse\n""",
326,LITERAL,char,"""nza,
3443,LITERAL,int,1,
3448,LITERAL,int,0,
3468,LITERAL,int,1,
3476,LITERAL,double,0.0,
3482,LITERAL,int,1,
3487,LITERAL,int,0,
3490,LITERAL,double,1.0,
3496,LITERAL,double,1.0,
3504,LITERAL,int,0,
3515,LITERAL,int,0,
3544,LITERAL,int,0,
3601,LITERAL,int,1,
3621,LITERAL,int,1,
3622,LITERAL,int,2,
3635,LITERAL,int,1,
3642,LITERAL,int,1,
3651,LITERAL,int,1,
3664,LITERAL,double,0.0,
3677,LITERAL,int,1,
3705,LITERAL,int,1,
3716,LITERAL,char,""internal error in sparse: i=%d\n""""""",
327,LITERAL,int,1,
328,LITERAL,int,1,
329,LITERAL,int,1,
330,LITERAL,int,0,
331,LITERAL,int,0,
332,LITERAL,int,1,
333,LITERAL,int,0,
334,LITERAL,int,1,
335,LITERAL,int,1,
336,LITERAL,int,1,
337,LITERAL,int,1,
338,LITERAL,int,1,
339,LITERAL,int,1,
340,LITERAL,int,0,
341,LITERAL,int,1,
342,LITERAL,int,0,
343,LITERAL,int,1,
344,LITERAL,int,0,
345,LITERAL,int,1,
346,METHOD,,remove,146.0
347,METHOD,,rename,148.0
348,METHOD,,renameat,152.0
349,METHOD,,tmpfile,173.0
350,METHOD,,tmpnam,187.0
351,METHOD,,tmpnam_r,192.0
352,METHOD,,tempnam,204.0
353,METHOD,,fclose,213.0
354,METHOD,,fflush,218.0
355,METHOD,,fflush_unlocked,227.0
356,METHOD,,fopen,246.0
357,METHOD,,freopen,252.0
358,METHOD,,fdopen,279.0
359,METHOD,,fmemopen,292.0
360,METHOD,,open_memstream,298.0
361,METHOD,,setbuf,304.0
362,METHOD,,setvbuf,308.0
363,METHOD,,setbuffer,314.0
364,METHOD,,setlinebuf,318.0
365,METHOD,,fprintf,326.0
366,METHOD,,printf,332.0
367,METHOD,,sprintf,334.0
368,METHOD,,vfprintf,341.0
369,METHOD,,vprintf,347.0
370,METHOD,,vsprintf,349.0
371,METHOD,,snprintf,354.0
372,METHOD,,vsnprintf,358.0
373,METHOD,,vdprintf,379.0
374,METHOD,,dprintf,382.0
375,METHOD,,fscanf,391.0
376,METHOD,,scanf,397.0
377,METHOD,,sscanf,399.0
378,METHOD,,__isoc99_fscanf,416.0
379,METHOD,,__isoc99_scanf,418.0
380,METHOD,,__isoc99_sscanf,419.0
381,METHOD,,vfscanf,432.0
382,METHOD,,vscanf,440.0
383,METHOD,,vsscanf,444.0
384,METHOD,,__isoc99_vfscanf,465.0
385,METHOD,,__isoc99_vscanf,468.0
386,METHOD,,__isoc99_vsscanf,470.0
387,METHOD,,fgetc,485.0
388,METHOD,,getc,486.0
389,METHOD,,getchar,492.0
390,METHOD,,getc_unlocked,499.0
391,METHOD,,getchar_unlocked,500.0
392,METHOD,,fgetc_unlocked,510.0
393,METHOD,,fputc,521.0
394,METHOD,,putc,522.0
395,METHOD,,putchar,528.0
396,METHOD,,fputc_unlocked,537.0
397,METHOD,,putc_unlocked,545.0
398,METHOD,,putchar_unlocked,546.0
399,METHOD,,getw,553.0
400,METHOD,,putw,556.0
401,METHOD,,fgets,564.0
402,METHOD,,gets,577.0
403,METHOD,,__getdelim,603.0
404,METHOD,,getdelim,606.0
405,METHOD,,getline,616.0
406,METHOD,,fputs,626.0
407,METHOD,,puts,632.0
408,METHOD,,ungetc,639.0
409,METHOD,,fread,646.0
410,METHOD,,fwrite,652.0
411,METHOD,,fread_unlocked,673.0
412,METHOD,,fwrite_unlocked,675.0
413,METHOD,,fseek,684.0
414,METHOD,,ftell,689.0
415,METHOD,,rewind,694.0
416,METHOD,,fseeko,707.0
417,METHOD,,ftello,712.0
418,METHOD,,fgetpos,731.0
419,METHOD,,fsetpos,736.0
420,METHOD,,clearerr,757.0
421,METHOD,,feof,759.0
422,METHOD,,ferror,761.0
423,METHOD,,clearerr_unlocked,765.0
424,METHOD,,feof_unlocked,766.0
425,METHOD,,ferror_unlocked,767.0
426,METHOD,,perror,775.0
427,METHOD,,fileno,786.0
428,METHOD,,fileno_unlocked,791.0
429,METHOD,,popen,800.0
430,METHOD,,pclose,806.0
431,METHOD,,ctermid,812.0
432,METHOD,,flockfile,840.0
433,METHOD,,ftrylockfile,844.0
434,METHOD,,funlockfile,847.0
435,METHOD,,__uflow,858.0
436,METHOD,,__overflow,859.0
437,METHOD,,__ctype_get_mb_cur_max,97.0
438,METHOD,,atof,101.0
439,METHOD,,atoi,104.0
440,METHOD,,atol,107.0
441,METHOD,,atoll,112.0
442,METHOD,,strtod,117.0
443,METHOD,,strtof,123.0
444,METHOD,,strtold,126.0
445,METHOD,,strtol,176.0
446,METHOD,,strtoul,180.0
447,METHOD,,strtoq,187.0
448,METHOD,,strtouq,192.0
449,METHOD,,strtoll,200.0
450,METHOD,,strtoull,205.0
451,METHOD,,l64a,385.0
452,METHOD,,a64l,388.0
453,METHOD,,__bswap_16,33.0
454,METHOD,,__bswap_32,48.0
455,METHOD,,__bswap_64,69.0
456,METHOD,,__uint16_identity,32.0
457,METHOD,,__uint32_identity,38.0
458,METHOD,,__uint64_identity,44.0
459,METHOD,,select,101.0
460,METHOD,,pselect,113.0
461,METHOD,,random,401.0
462,METHOD,,srandom,404.0
463,METHOD,,initstate,410.0
464,METHOD,,setstate,415.0
465,METHOD,,random_r,434.0
466,METHOD,,srandom_r,437.0
467,METHOD,,initstate_r,440.0
468,METHOD,,setstate_r,445.0
469,METHOD,,rand,453.0
470,METHOD,,srand,455.0
471,METHOD,,rand_r,459.0
472,METHOD,,drand48,467.0
473,METHOD,,erand48,468.0
474,METHOD,,lrand48,471.0
475,METHOD,,nrand48,472.0
476,METHOD,,mrand48,476.0
477,METHOD,,jrand48,477.0
478,METHOD,,srand48,481.0
479,METHOD,,seed48,482.0
480,METHOD,,lcong48,484.0
481,METHOD,,drand48_r,501.0
482,METHOD,,erand48_r,503.0
483,METHOD,,lrand48_r,508.0
484,METHOD,,nrand48_r,511.0
485,METHOD,,mrand48_r,517.0
486,METHOD,,jrand48_r,520.0
487,METHOD,,srand48_r,526.0
488,METHOD,,seed48_r,529.0
489,METHOD,,lcong48_r,532.0
490,METHOD,,malloc,539.0
491,METHOD,,calloc,542.0
492,METHOD,,realloc,550.0
493,METHOD,,reallocarray,559.0
494,METHOD,,free,565.0
495,METHOD,,alloca,32.0
496,METHOD,,valloc,574.0
497,METHOD,,posix_memalign,580.0
498,METHOD,,abort,591.0
499,METHOD,,atexit,595.0
500,METHOD,,on_exit,610.0
501,METHOD,,exit,617.0
502,METHOD,,_Exit,629.0
503,METHOD,,getenv,634.0
504,METHOD,,putenv,647.0
505,METHOD,,setenv,653.0
506,METHOD,,unsetenv,657.0
507,METHOD,,clearenv,664.0
508,METHOD,,mktemp,675.0
509,METHOD,,mkstemp,688.0
510,METHOD,,mkstemps,710.0
511,METHOD,,mkdtemp,731.0
512,METHOD,,system,784.0
513,METHOD,,realpath,800.0
514,METHOD,,__compar_fn_t,808.0
515,METHOD,,bsearch,820.0
516,METHOD,,qsort,830.0
517,METHOD,,abs,840.0
518,METHOD,,labs,841.0
519,METHOD,,llabs,844.0
520,METHOD,,div,852.0
521,METHOD,,ldiv,854.0
522,METHOD,,lldiv,858.0
523,METHOD,,ecvt,872.0
524,METHOD,,fcvt,878.0
525,METHOD,,gcvt,884.0
526,METHOD,,qecvt,890.0
527,METHOD,,qfcvt,893.0
528,METHOD,,qgcvt,896.0
529,METHOD,,ecvt_r,902.0
530,METHOD,,fcvt_r,905.0
531,METHOD,,qecvt_r,909.0
532,METHOD,,qfcvt_r,913.0
533,METHOD,,mblen,922.0
534,METHOD,,mbtowc,925.0
535,METHOD,,wctomb,929.0
536,METHOD,,mbstowcs,933.0
537,METHOD,,wcstombs,936.0
538,METHOD,,rpmatch,946.0
539,METHOD,,getsubopt,957.0
540,METHOD,,getloadavg,1003.0
541,METHOD,,__fpclassify,21.0
542,METHOD,,__signbit,25.0
543,METHOD,,__isinf,30.0
544,METHOD,,__finite,33.0
545,METHOD,,__isnan,36.0
546,METHOD,,__iseqsig,39.0
547,METHOD,,__issignaling,42.0
548,METHOD,,acos,53.0
549,METHOD,,asin,55.0
550,METHOD,,atan,57.0
551,METHOD,,atan2,59.0
552,METHOD,,cos,62.0
553,METHOD,,sin,64.0
554,METHOD,,tan,66.0
555,METHOD,,cosh,71.0
556,METHOD,,sinh,73.0
557,METHOD,,tanh,75.0
558,METHOD,,acosh,85.0
559,METHOD,,asinh,87.0
560,METHOD,,atanh,89.0
561,METHOD,,exp,95.0
562,METHOD,,frexp,98.0
563,METHOD,,ldexp,101.0
564,METHOD,,log,104.0
565,METHOD,,log10,107.0
566,METHOD,,modf,110.0
567,METHOD,,expm1,119.0
568,METHOD,,log1p,122.0
569,METHOD,,logb,125.0
570,METHOD,,exp2,130.0
571,METHOD,,log2,133.0
572,METHOD,,pow,140.0
573,METHOD,,sqrt,143.0
574,METHOD,,hypot,147.0
575,METHOD,,cbrt,152.0
576,METHOD,,ceil,159.0
577,METHOD,,fabs,162.0
578,METHOD,,floor,165.0
579,METHOD,,fmod,168.0
580,METHOD,,isinf,177.0
581,METHOD,,finite,182.0
582,METHOD,,drem,185.0
583,METHOD,,significand,189.0
584,METHOD,,copysign,196.0
585,METHOD,,,201.0
586,METHOD,,isnan,211.0
587,METHOD,,j0,217.0
588,METHOD,,j1,218.0
589,METHOD,,jn,219.0
590,METHOD,,y0,220.0
591,METHOD,,y1,221.0
592,METHOD,,yn,222.0
593,METHOD,,erf,228.0
594,METHOD,,erfc,229.0
595,METHOD,,lgamma,230.0
596,METHOD,,tgamma,235.0
597,METHOD,,gamma,241.0
598,METHOD,,lgamma_r,249.0
599,METHOD,,rint,256.0
600,METHOD,,nextafter,259.0
601,METHOD,,nexttoward,261.0
602,METHOD,,remainder,272.0
603,METHOD,,scalbn,276.0
604,METHOD,,ilogb,280.0
605,METHOD,,scalbln,290.0
606,METHOD,,nearbyint,294.0
607,METHOD,,round,298.0
608,METHOD,,trunc,302.0
609,METHOD,,remquo,307.0
610,METHOD,,lrint,314.0
611,METHOD,,llrint,316.0
612,METHOD,,lround,320.0
613,METHOD,,llround,322.0
614,METHOD,,fdim,326.0
615,METHOD,,fmax,329.0
616,METHOD,,fmin,332.0
617,METHOD,,fma,335.0
618,METHOD,,scalb,400.0
619,METHOD,,<sinit>,853.0
620,METHOD,,<global>,209.0
621,METHOD,,conj_grad,83.0
622,METHOD,,makea,92.0
623,METHOD,,sparse,105.0
624,METHOD,,sprnvc,119.0
625,METHOD,,icnvrt,120.0
626,METHOD,,vecset,121.0
627,METHOD,,main,125.0
628,METHOD,,conj_grad,439.0
629,METHOD,,makea,642.0
630,METHOD,,sparse,701.0
631,METHOD,,sprnvc,874.0
632,METHOD,,icnvrt,913.0
633,METHOD,,vecset,923.0
634,METHOD,,<global>,1.0
635,METHOD,,__bswap_constant_16,30.0
636,METHOD,,<operator>.cast,
637,METHOD,,<operator>.or,
638,METHOD,,<operator>.and,
639,METHOD,,<operator>.arithmeticShiftRight,
640,METHOD,,<operator>.shiftLeft,
641,METHOD,,__bswap_constant_32,44.0
642,METHOD,,__bswap_constant_64,59.0
643,METHOD,,<operator>.assignment,
644,METHOD,,FP_NAN,856.0
645,METHOD,,FP_INFINITE,859.0
646,METHOD,,FP_ZERO,862.0
647,METHOD,,FP_SUBNORMAL,865.0
648,METHOD,,FP_NORMAL,868.0
649,METHOD,,<operator>.indirectIndexAccess,
650,METHOD,,<operator>.lessThan,
651,METHOD,,<operator>.postIncrement,
652,METHOD,,timer_clear,
653,METHOD,,<operator>.notEquals,
654,METHOD,,timer_start,
655,METHOD,,<operator>.subtraction,
656,METHOD,,randlc,
657,METHOD,,<operator>.addressOf,
658,METHOD,,<operator>.addition,
659,METHOD,,<operator>.lessEqualsThan,
660,METHOD,,<operator>.multiplication,
661,METHOD,,<operator>.division,
662,METHOD,,timer_stop,
663,METHOD,,timer_read,
664,METHOD,,<operator>.equals,
665,METHOD,,<operator>.logicalAnd,
666,METHOD,,<operator>.conditional,
667,METHOD,,print_results,
668,METHOD,,<operator>.indirection,
669,METHOD,,<operator>.greaterThan,
670,METHOD,,<operator>.minus,
671,METHOD,,<operator>.greaterEqualsThan,
672,METHOD,,<operator>.postDecrement,
673,METHOD,,EXIT_FAILURE,91.0
674,LOCAL,FILE,stdin,137.0
675,LOCAL,FILE,stdout,138.0
676,LOCAL,FILE,stderr,139.0
677,LOCAL,int,sys_nerr,26.0
678,LOCAL,char*[],sys_errlist,27.0
679,LOCAL,int,signgam,773.0
680,LOCAL,int[],colidx,50.0
681,LOCAL,int[],rowstr,51.0
682,LOCAL,int[],iv,52.0
683,LOCAL,int[],arow,53.0
684,LOCAL,int[],acol,54.0
685,LOCAL,double[],aelt,57.0
686,LOCAL,double[],a,58.0
687,LOCAL,double[],x,59.0
688,LOCAL,double[],z,60.0
689,LOCAL,double[],p,61.0
690,LOCAL,double[],q,62.0
691,LOCAL,double[],r,63.0
692,LOCAL,int,naa,66.0
693,LOCAL,int,nzz,67.0
694,LOCAL,int,firstrow,68.0
695,LOCAL,int,lastrow,69.0
696,LOCAL,int,firstcol,70.0
697,LOCAL,int,lastcol,71.0
698,LOCAL,double,amult,74.0
699,LOCAL,double,tran,75.0
700,LOCAL,logical,timeron,78.0
701,LOCAL,int,zeta_flag,127.0
702,LOCAL,int,i,128.0
703,LOCAL,int,j,128.0
704,LOCAL,int,k,128.0
705,LOCAL,int,it,128.0
706,LOCAL,double,zeta,130.0
707,LOCAL,double,rnorm,131.0
708,LOCAL,double,norm_temp1,132.0
709,LOCAL,double,norm_temp2,133.0
710,LOCAL,double,t,135.0
711,LOCAL,double,mflops,136.0
712,LOCAL,double,tmax,137.0
713,LOCAL,char,Class,138.0
714,LOCAL,logical,verified,139.0
715,LOCAL,double,zeta_verify_value,140.0
716,LOCAL,double,epsilon,141.0
717,LOCAL,double,err,142.0
718,LOCAL,char*[],t_names,144.0
719,LOCAL,FILE,fp,150.0
720,LOCAL,FILE,fp,381.0
721,LOCAL,FILE,fp_t,401.0
722,LOCAL,int,j,449.0
723,LOCAL,int,k,449.0
724,LOCAL,int,cgit,450.0
725,LOCAL,int,cgitmax,450.0
726,LOCAL,double,d,451.0
727,LOCAL,double,sum,452.0
728,LOCAL,double,rho,453.0
729,LOCAL,double,rho0,454.0
730,LOCAL,double,alpha,455.0
731,LOCAL,double,beta,456.0
732,LOCAL,int,iouter,656.0
733,LOCAL,int,ivelt,656.0
734,LOCAL,int,nzv,656.0
735,LOCAL,int,nn1,656.0
736,LOCAL,int[],ivc,657.0
737,LOCAL,double[],vc,658.0
738,LOCAL,int,nrows,716.0
739,LOCAL,int,i,722.0
740,LOCAL,int,j,722.0
741,LOCAL,int,j1,722.0
742,LOCAL,int,j2,722.0
743,LOCAL,int,nza,722.0
744,LOCAL,int,k,722.0
745,LOCAL,int,kk,722.0
746,LOCAL,int,nzrow,722.0
747,LOCAL,int,jcol,722.0
748,LOCAL,double,size,723.0
749,LOCAL,double,scale,724.0
750,LOCAL,double,ratio,725.0
751,LOCAL,double,va,726.0
752,LOCAL,logical,cont40,727.0
753,LOCAL,int,nzv,876.0
754,LOCAL,int,ii,876.0
755,LOCAL,int,i,876.0
756,LOCAL,double,vecelt,877.0
757,LOCAL,double,vecloc,878.0
758,LOCAL,logical,was_gen,895.0
759,LOCAL,int,k,925.0
760,LOCAL,logical,set,926.0
761,CALL,,__bswap_constant_16,39.0
762,CALL,,<operator>.cast,39.0
763,CALL,,<operator>.or,39.0
764,CALL,,<operator>.and,39.0
765,CALL,,<operator>.arithmeticShiftRight,39.0
766,CALL,,<operator>.shiftLeft,39.0
767,CALL,,<operator>.and,39.0
768,CALL,,__bswap_constant_32,54.0
769,CALL,,<operator>.or,54.0
770,CALL,,<operator>.or,54.0
771,CALL,,<operator>.or,54.0
772,CALL,,<operator>.arithmeticShiftRight,54.0
773,CALL,,<operator>.and,54.0
774,CALL,,<operator>.arithmeticShiftRight,54.0
775,CALL,,<operator>.and,54.0
776,CALL,,<operator>.shiftLeft,54.0
777,CALL,,<operator>.and,54.0
778,CALL,,<operator>.shiftLeft,54.0
779,CALL,,<operator>.and,54.0
780,CALL,,__bswap_constant_64,75.0
781,CALL,,<operator>.or,75.0
782,CALL,,<operator>.or,75.0
783,CALL,,<operator>.or,75.0
784,CALL,,<operator>.or,75.0
785,CALL,,<operator>.or,75.0
786,CALL,,<operator>.or,75.0
787,CALL,,<operator>.or,75.0
788,CALL,,<operator>.arithmeticShiftRight,75.0
789,CALL,,<operator>.and,75.0
790,CALL,,<operator>.arithmeticShiftRight,75.0
791,CALL,,<operator>.and,75.0
792,CALL,,<operator>.arithmeticShiftRight,75.0
793,CALL,,<operator>.and,75.0
794,CALL,,<operator>.arithmeticShiftRight,75.0
795,CALL,,<operator>.and,75.0
796,CALL,,<operator>.shiftLeft,75.0
797,CALL,,<operator>.and,75.0
798,CALL,,<operator>.shiftLeft,75.0
799,CALL,,<operator>.and,75.0
800,CALL,,<operator>.shiftLeft,75.0
801,CALL,,<operator>.and,75.0
802,CALL,,<operator>.shiftLeft,75.0
803,CALL,,<operator>.and,75.0
804,CALL,,FP_NAN,857.0
805,CALL,,FP_INFINITE,860.0
806,CALL,,FP_ZERO,863.0
807,CALL,,FP_SUBNORMAL,866.0
808,CALL,,FP_NORMAL,869.0
809,CALL,,<operator>.assignment,127.0
810,CALL,,atoi,127.0
811,CALL,,<operator>.indirectIndexAccess,127.0
812,CALL,,<operator>.assignment,146.0
813,CALL,,<operator>.lessThan,146.0
814,CALL,,<operator>.postIncrement,146.0
815,CALL,,timer_clear,147.0
816,CALL,,<operator>.notEquals,151.0
817,CALL,,<operator>.assignment,151.0
818,CALL,,fopen,151.0
819,CALL,,<operator>.cast,151.0
820,CALL,,<operator>.assignment,152.0
821,CALL,,<operator>.assignment,153.0
822,CALL,,<operator>.indirectIndexAccess,153.0
823,CALL,,<operator>.assignment,154.0
824,CALL,,<operator>.indirectIndexAccess,154.0
825,CALL,,<operator>.assignment,155.0
826,CALL,,<operator>.indirectIndexAccess,155.0
827,CALL,,fclose,156.0
828,CALL,,<operator>.assignment,158.0
829,CALL,,timer_start,161.0
830,CALL,,<operator>.assignment,163.0
831,CALL,,<operator>.assignment,164.0
832,CALL,,<operator>.subtraction,164.0
833,CALL,,<operator>.assignment,165.0
834,CALL,,<operator>.assignment,166.0
835,CALL,,<operator>.subtraction,166.0
836,CALL,,printf,170.0
837,CALL,,printf,171.0
838,CALL,,printf,172.0
839,CALL,,printf,173.0
840,CALL,,<operator>.assignment,175.0
841,CALL,,<operator>.assignment,176.0
842,CALL,,<operator>.assignment,181.0
843,CALL,,<operator>.assignment,182.0
844,CALL,,<operator>.assignment,183.0
845,CALL,,randlc,183.0
846,CALL,,<operator>.addressOf,183.0
847,CALL,,<operator>.cast,191.0
848,CALL,,<operator>.cast,191.0
849,CALL,,<operator>.cast,192.0
850,CALL,,<operator>.cast,192.0
851,CALL,,<operator>.assignment,203.0
852,CALL,,<operator>.lessThan,203.0
853,CALL,,<operator>.addition,203.0
854,CALL,,<operator>.subtraction,203.0
855,CALL,,<operator>.postIncrement,203.0
856,CALL,,<operator>.assignment,204.0
857,CALL,,<operator>.indirectIndexAccess,204.0
858,CALL,,<operator>.lessThan,204.0
859,CALL,,<operator>.indirectIndexAccess,204.0
860,CALL,,<operator>.addition,204.0
861,CALL,,<operator>.postIncrement,204.0
862,CALL,,<operator>.assignment,205.0
863,CALL,,<operator>.indirectIndexAccess,205.0
864,CALL,,<operator>.subtraction,205.0
865,CALL,,<operator>.indirectIndexAccess,205.0
866,CALL,,<operator>.assignment,212.0
867,CALL,,<operator>.lessThan,212.0
868,CALL,,<operator>.addition,212.0
869,CALL,,<operator>.postIncrement,212.0
870,CALL,,<operator>.assignment,213.0
871,CALL,double,<operator>.indirectIndexAccess,213.0
872,CALL,,<operator>.assignment,215.0
873,CALL,,<operator>.lessThan,215.0
874,CALL,,<operator>.addition,215.0
875,CALL,,<operator>.subtraction,215.0
876,CALL,,<operator>.postIncrement,215.0
877,CALL,,<operator>.assignment,216.0
878,CALL,double,<operator>.indirectIndexAccess,216.0
879,CALL,,<operator>.assignment,217.0
880,CALL,double,<operator>.indirectIndexAccess,217.0
881,CALL,,<operator>.assignment,218.0
882,CALL,double,<operator>.indirectIndexAccess,218.0
883,CALL,,<operator>.assignment,219.0
884,CALL,double,<operator>.indirectIndexAccess,219.0
885,CALL,,<operator>.assignment,222.0
886,CALL,,<operator>.assignment,229.0
887,CALL,,<operator>.lessEqualsThan,229.0
888,CALL,,<operator>.postIncrement,229.0
889,CALL,,conj_grad,233.0
890,CALL,,<operator>.addressOf,233.0
891,CALL,,<operator>.assignment,241.0
892,CALL,,<operator>.assignment,242.0
893,CALL,,<operator>.assignment,243.0
894,CALL,,<operator>.lessThan,243.0
895,CALL,,<operator>.addition,243.0
896,CALL,,<operator>.subtraction,243.0
897,CALL,,<operator>.postIncrement,243.0
898,CALL,double,<operator>.assignment,244.0
899,CALL,double,<operator>.addition,244.0
900,CALL,double,<operator>.multiplication,244.0
901,CALL,double,<operator>.indirectIndexAccess,244.0
902,CALL,double,<operator>.indirectIndexAccess,244.0
903,CALL,double,<operator>.assignment,245.0
904,CALL,double,<operator>.addition,245.0
905,CALL,double,<operator>.multiplication,245.0
906,CALL,double,<operator>.indirectIndexAccess,245.0
907,CALL,double,<operator>.indirectIndexAccess,245.0
908,CALL,,<operator>.assignment,248.0
909,CALL,,<operator>.division,248.0
910,CALL,double,sqrt,248.0
911,CALL,,<operator>.assignment,253.0
912,CALL,,<operator>.lessThan,253.0
913,CALL,,<operator>.addition,253.0
914,CALL,,<operator>.subtraction,253.0
915,CALL,,<operator>.postIncrement,253.0
916,CALL,double,<operator>.assignment,254.0
917,CALL,double,<operator>.indirectIndexAccess,254.0
918,CALL,double,<operator>.multiplication,254.0
919,CALL,double,<operator>.indirectIndexAccess,254.0
920,CALL,,<operator>.assignment,262.0
921,CALL,,<operator>.lessThan,262.0
922,CALL,,<operator>.addition,262.0
923,CALL,,<operator>.postIncrement,262.0
924,CALL,,<operator>.assignment,263.0
925,CALL,double,<operator>.indirectIndexAccess,263.0
926,CALL,,<operator>.assignment,266.0
927,CALL,,timer_stop,268.0
928,CALL,,printf,270.0
929,CALL,,timer_read,270.0
930,CALL,,timer_start,272.0
931,CALL,,<operator>.assignment,279.0
932,CALL,,<operator>.lessEqualsThan,279.0
933,CALL,,<operator>.postIncrement,279.0
934,CALL,,timer_start,283.0
935,CALL,,conj_grad,284.0
936,CALL,,<operator>.addressOf,284.0
937,CALL,,timer_stop,285.0
938,CALL,,<operator>.assignment,293.0
939,CALL,,<operator>.assignment,294.0
940,CALL,,<operator>.assignment,295.0
941,CALL,,<operator>.lessThan,295.0
942,CALL,,<operator>.addition,295.0
943,CALL,,<operator>.subtraction,295.0
944,CALL,,<operator>.postIncrement,295.0
945,CALL,double,<operator>.assignment,296.0
946,CALL,double,<operator>.addition,296.0
947,CALL,double,<operator>.multiplication,296.0
948,CALL,double,<operator>.indirectIndexAccess,296.0
949,CALL,double,<operator>.indirectIndexAccess,296.0
950,CALL,double,<operator>.assignment,297.0
951,CALL,double,<operator>.addition,297.0
952,CALL,double,<operator>.multiplication,297.0
953,CALL,double,<operator>.indirectIndexAccess,297.0
954,CALL,double,<operator>.indirectIndexAccess,297.0
955,CALL,,<operator>.assignment,300.0
956,CALL,,<operator>.division,300.0
957,CALL,double,sqrt,300.0
958,CALL,,<operator>.assignment,302.0
959,CALL,,<operator>.addition,302.0
960,CALL,,<operator>.division,302.0
961,CALL,,<operator>.equals,303.0
962,CALL,,printf,304.0
963,CALL,,printf,305.0
964,CALL,,<operator>.assignment,310.0
965,CALL,,<operator>.lessThan,310.0
966,CALL,,<operator>.addition,310.0
967,CALL,,<operator>.subtraction,310.0
968,CALL,,<operator>.postIncrement,310.0
969,CALL,double,<operator>.assignment,311.0
970,CALL,double,<operator>.indirectIndexAccess,311.0
971,CALL,double,<operator>.multiplication,311.0
972,CALL,double,<operator>.indirectIndexAccess,311.0
973,CALL,,timer_stop,315.0
974,CALL,,<operator>.assignment,321.0
975,CALL,,timer_read,321.0
976,CALL,,printf,323.0
977,CALL,double,<operator>.logicalAnd,325.0
978,CALL,double,<operator>.logicalAnd,325.0
979,CALL,double,<operator>.logicalAnd,325.0
980,CALL,,<operator>.equals,325.0
981,CALL,,<operator>.equals,325.0
982,CALL,,<operator>.equals,325.0
983,CALL,,<operator>.equals,325.0
984,CALL,,<operator>.assignment,326.0
985,CALL,,<operator>.assignment,327.0
986,CALL,double,<operator>.logicalAnd,328.0
987,CALL,double,<operator>.logicalAnd,328.0
988,CALL,double,<operator>.logicalAnd,328.0
989,CALL,,<operator>.equals,328.0
990,CALL,,<operator>.equals,328.0
991,CALL,,<operator>.equals,328.0
992,CALL,,<operator>.equals,328.0
993,CALL,,<operator>.assignment,329.0
994,CALL,,<operator>.assignment,330.0
995,CALL,double,<operator>.logicalAnd,331.0
996,CALL,double,<operator>.logicalAnd,331.0
997,CALL,double,<operator>.logicalAnd,331.0
998,CALL,,<operator>.equals,331.0
999,CALL,,<operator>.equals,331.0
1000,CALL,,<operator>.equals,331.0
1001,CALL,,<operator>.equals,331.0
1002,CALL,,<operator>.assignment,332.0
1003,CALL,,<operator>.assignment,333.0
1004,CALL,double,<operator>.logicalAnd,350.0
1005,CALL,double,<operator>.logicalAnd,350.0
1006,CALL,double,<operator>.logicalAnd,350.0
1007,CALL,,<operator>.equals,350.0
1008,CALL,,<operator>.equals,350.0
1009,CALL,,<operator>.equals,350.0
1010,CALL,,<operator>.equals,350.0
1011,CALL,,<operator>.assignment,351.0
1012,CALL,,<operator>.assignment,352.0
1013,CALL,double,<operator>.logicalAnd,353.0
1014,CALL,double,<operator>.logicalAnd,353.0
1015,CALL,double,<operator>.logicalAnd,353.0
1016,CALL,,<operator>.equals,353.0
1017,CALL,,<operator>.equals,353.0
1018,CALL,,<operator>.equals,353.0
1019,CALL,,<operator>.equals,353.0
1020,CALL,,<operator>.assignment,354.0
1021,CALL,,<operator>.assignment,355.0
1022,CALL,double,<operator>.logicalAnd,356.0
1023,CALL,double,<operator>.logicalAnd,356.0
1024,CALL,double,<operator>.logicalAnd,356.0
1025,CALL,,<operator>.equals,356.0
1026,CALL,,<operator>.equals,356.0
1027,CALL,,<operator>.equals,356.0
1028,CALL,,<operator>.equals,356.0
1029,CALL,,<operator>.assignment,357.0
1030,CALL,,<operator>.assignment,358.0
1031,CALL,double,<operator>.logicalAnd,359.0
1032,CALL,double,<operator>.logicalAnd,359.0
1033,CALL,double,<operator>.logicalAnd,359.0
1034,CALL,,<operator>.equals,359.0
1035,CALL,,<operator>.equals,359.0
1036,CALL,,<operator>.equals,359.0
1037,CALL,,<operator>.equals,359.0
1038,CALL,,<operator>.assignment,360.0
1039,CALL,,<operator>.assignment,361.0
1040,CALL,,<operator>.assignment,363.0
1041,CALL,,<operator>.assignment,366.0
1042,CALL,,<operator>.notEquals,367.0
1043,CALL,double,<operator>.assignment,368.0
1044,CALL,double,<operator>.division,368.0
1045,CALL,double,fabs,368.0
1046,CALL,double,<operator>.subtraction,368.0
1047,CALL,double,<operator>.lessEqualsThan,369.0
1048,CALL,,<operator>.assignment,370.0
1049,CALL,,printf,371.0
1050,CALL,,printf,372.0
1051,CALL,,printf,373.0
1052,CALL,,<operator>.assignment,375.0
1053,CALL,,printf,376.0
1054,CALL,,printf,377.0
1055,CALL,,printf,378.0
1056,CALL,,<operator>.assignment,381.0
1057,CALL,,fopen,381.0
1058,CALL,,fputs,382.0
1059,CALL,,<operator>.conditional,382.0
1060,CALL,,fprintf,383.0
1061,CALL,,fprintf,384.0
1062,CALL,,<operator>.assignment,386.0
1063,CALL,,printf,387.0
1064,CALL,,printf,388.0
1065,CALL,,<operator>.notEquals,391.0
1066,CALL,,<operator>.cast,392.0
1067,CALL,,<operator>.multiplication,392.0
1068,CALL,,<operator>.multiplication,392.0
1069,CALL,,<operator>.addition,393.0
1070,CALL,,<operator>.cast,393.0
1071,CALL,,<operator>.multiplication,393.0
1072,CALL,,<operator>.addition,393.0
1073,CALL,,<operator>.multiplication,394.0
1074,CALL,,<operator>.addition,394.0
1075,CALL,,<operator>.cast,394.0
1076,CALL,,<operator>.multiplication,394.0
1077,CALL,,<operator>.addition,394.0
1078,CALL,,<operator>.assignment,397.0
1079,CALL,,<operator>.assignment,401.0
1080,CALL,,fopen,401.0
1081,CALL,,fprintf,402.0
1082,CALL,,<operator>.assignment,414.0
1083,CALL,,timer_read,414.0
1084,CALL,,<operator>.equals,415.0
1085,CALL,,<operator>.assignment,415.0
1086,CALL,,printf,416.0
1087,CALL,,<operator>.assignment,417.0
1088,CALL,,<operator>.lessThan,417.0
1089,CALL,,<operator>.postIncrement,417.0
1090,CALL,,<operator>.assignment,418.0
1091,CALL,,timer_read,418.0
1092,CALL,,<operator>.equals,419.0
1093,CALL,,printf,420.0
1094,CALL,,<operator>.indirectIndexAccess,420.0
1095,CALL,,printf,422.0
1096,CALL,,<operator>.indirectIndexAccess,422.0
1097,CALL,,<operator>.division,422.0
1098,CALL,,<operator>.multiplication,422.0
1099,CALL,,<operator>.equals,423.0
1100,CALL,double,<operator>.assignment,424.0
1101,CALL,double,<operator>.subtraction,424.0
1102,CALL,,printf,425.0
1103,CALL,,<operator>.division,425.0
1104,CALL,,<operator>.multiplication,425.0
1105,CALL,,<operator>.assignment,450.0
1106,CALL,,<operator>.assignment,458.0
1107,CALL,,<operator>.assignment,463.0
1108,CALL,,<operator>.lessThan,463.0
1109,CALL,,<operator>.addition,463.0
1110,CALL,,<operator>.postIncrement,463.0
1111,CALL,,<operator>.assignment,464.0
1112,CALL,double,<operator>.indirectIndexAccess,464.0
1113,CALL,,<operator>.assignment,465.0
1114,CALL,double,<operator>.indirectIndexAccess,465.0
1115,CALL,double,<operator>.assignment,466.0
1116,CALL,double,<operator>.indirectIndexAccess,466.0
1117,CALL,double,<operator>.indirectIndexAccess,466.0
1118,CALL,double,<operator>.assignment,467.0
1119,CALL,double,<operator>.indirectIndexAccess,467.0
1120,CALL,double,<operator>.indirectIndexAccess,467.0
1121,CALL,,<operator>.assignment,474.0
1122,CALL,,<operator>.lessThan,474.0
1123,CALL,,<operator>.addition,474.0
1124,CALL,,<operator>.subtraction,474.0
1125,CALL,,<operator>.postIncrement,474.0
1126,CALL,double,<operator>.assignment,475.0
1127,CALL,double,<operator>.addition,475.0
1128,CALL,double,<operator>.multiplication,475.0
1129,CALL,double,<operator>.indirectIndexAccess,475.0
1130,CALL,double,<operator>.indirectIndexAccess,475.0
1131,CALL,,<operator>.assignment,483.0
1132,CALL,,<operator>.lessEqualsThan,483.0
1133,CALL,,<operator>.postIncrement,483.0
1134,CALL,,<operator>.assignment,496.0
1135,CALL,,<operator>.lessThan,496.0
1136,CALL,,<operator>.addition,496.0
1137,CALL,,<operator>.subtraction,496.0
1138,CALL,,<operator>.postIncrement,496.0
1139,CALL,,<operator>.assignment,497.0
1140,CALL,,<operator>.assignment,498.0
1141,CALL,,<operator>.indirectIndexAccess,498.0
1142,CALL,,<operator>.lessThan,498.0
1143,CALL,,<operator>.indirectIndexAccess,498.0
1144,CALL,,<operator>.addition,498.0
1145,CALL,,<operator>.postIncrement,498.0
1146,CALL,double,<operator>.assignment,499.0
1147,CALL,double,<operator>.addition,499.0
1148,CALL,double,<operator>.multiplication,499.0
1149,CALL,double,<operator>.indirectIndexAccess,499.0
1150,CALL,double,<operator>.indirectIndexAccess,499.0
1151,CALL,,<operator>.indirectIndexAccess,499.0
1152,CALL,double,<operator>.assignment,501.0
1153,CALL,double,<operator>.indirectIndexAccess,501.0
1154,CALL,,<operator>.assignment,545.0
1155,CALL,,<operator>.assignment,546.0
1156,CALL,,<operator>.lessThan,546.0
1157,CALL,,<operator>.addition,546.0
1158,CALL,,<operator>.subtraction,546.0
1159,CALL,,<operator>.postIncrement,546.0
1160,CALL,double,<operator>.assignment,547.0
1161,CALL,double,<operator>.addition,547.0
1162,CALL,double,<operator>.multiplication,547.0
1163,CALL,double,<operator>.indirectIndexAccess,547.0
1164,CALL,double,<operator>.indirectIndexAccess,547.0
1165,CALL,double,<operator>.assignment,553.0
1166,CALL,double,<operator>.division,553.0
1167,CALL,double,<operator>.assignment,558.0
1168,CALL,,<operator>.assignment,564.0
1169,CALL,,<operator>.assignment,565.0
1170,CALL,,<operator>.lessThan,565.0
1171,CALL,,<operator>.addition,565.0
1172,CALL,,<operator>.subtraction,565.0
1173,CALL,,<operator>.postIncrement,565.0
1174,CALL,double,<operator>.assignment,566.0
1175,CALL,double,<operator>.indirectIndexAccess,566.0
1176,CALL,double,<operator>.addition,566.0
1177,CALL,double,<operator>.indirectIndexAccess,566.0
1178,CALL,double,<operator>.multiplication,566.0
1179,CALL,double,<operator>.indirectIndexAccess,566.0
1180,CALL,double,<operator>.assignment,567.0
1181,CALL,double,<operator>.indirectIndexAccess,567.0
1182,CALL,double,<operator>.subtraction,567.0
1183,CALL,double,<operator>.indirectIndexAccess,567.0
1184,CALL,double,<operator>.multiplication,567.0
1185,CALL,double,<operator>.indirectIndexAccess,567.0
1186,CALL,,<operator>.assignment,574.0
1187,CALL,,<operator>.lessThan,574.0
1188,CALL,,<operator>.addition,574.0
1189,CALL,,<operator>.subtraction,574.0
1190,CALL,,<operator>.postIncrement,574.0
1191,CALL,double,<operator>.assignment,575.0
1192,CALL,double,<operator>.addition,575.0
1193,CALL,double,<operator>.multiplication,575.0
1194,CALL,double,<operator>.indirectIndexAccess,575.0
1195,CALL,double,<operator>.indirectIndexAccess,575.0
1196,CALL,double,<operator>.assignment,581.0
1197,CALL,double,<operator>.division,581.0
1198,CALL,,<operator>.assignment,586.0
1199,CALL,,<operator>.lessThan,586.0
1200,CALL,,<operator>.addition,586.0
1201,CALL,,<operator>.subtraction,586.0
1202,CALL,,<operator>.postIncrement,586.0
1203,CALL,double,<operator>.assignment,587.0
1204,CALL,double,<operator>.indirectIndexAccess,587.0
1205,CALL,double,<operator>.addition,587.0
1206,CALL,double,<operator>.indirectIndexAccess,587.0
1207,CALL,double,<operator>.multiplication,587.0
1208,CALL,double,<operator>.indirectIndexAccess,587.0
1209,CALL,,<operator>.assignment,596.0
1210,CALL,,<operator>.assignment,597.0
1211,CALL,,<operator>.lessThan,597.0
1212,CALL,,<operator>.addition,597.0
1213,CALL,,<operator>.subtraction,597.0
1214,CALL,,<operator>.postIncrement,597.0
1215,CALL,,<operator>.assignment,598.0
1216,CALL,,<operator>.assignment,599.0
1217,CALL,,<operator>.indirectIndexAccess,599.0
1218,CALL,,<operator>.lessThan,599.0
1219,CALL,,<operator>.indirectIndexAccess,599.0
1220,CALL,,<operator>.addition,599.0
1221,CALL,,<operator>.postIncrement,599.0
1222,CALL,double,<operator>.assignment,600.0
1223,CALL,double,<operator>.addition,600.0
1224,CALL,double,<operator>.multiplication,600.0
1225,CALL,double,<operator>.indirectIndexAccess,600.0
1226,CALL,double,<operator>.indirectIndexAccess,600.0
1227,CALL,,<operator>.indirectIndexAccess,600.0
1228,CALL,double,<operator>.assignment,602.0
1229,CALL,double,<operator>.indirectIndexAccess,602.0
1230,CALL,,<operator>.assignment,608.0
1231,CALL,,<operator>.lessThan,608.0
1232,CALL,,<operator>.addition,608.0
1233,CALL,,<operator>.subtraction,608.0
1234,CALL,,<operator>.postIncrement,608.0
1235,CALL,double,<operator>.assignment,609.0
1236,CALL,double,<operator>.subtraction,609.0
1237,CALL,double,<operator>.indirectIndexAccess,609.0
1238,CALL,double,<operator>.indirectIndexAccess,609.0
1239,CALL,double,<operator>.assignment,610.0
1240,CALL,double,<operator>.addition,610.0
1241,CALL,double,<operator>.multiplication,610.0
1242,CALL,,<operator>.assignment,613.0
1243,CALL,,<operator>.indirection,613.0
1244,CALL,double,sqrt,613.0
1245,CALL,,<operator>.assignment,667.0
1246,CALL,,<operator>.assignment,669.0
1247,CALL,,<operator>.multiplication,669.0
1248,CALL,,<operator>.lessThan,670.0
1249,CALL,,<operator>.assignment,675.0
1250,CALL,,<operator>.lessThan,675.0
1251,CALL,,<operator>.postIncrement,675.0
1252,CALL,,<operator>.assignment,676.0
1253,CALL,,sprnvc,677.0
1254,CALL,,vecset,678.0
1255,CALL,,<operator>.addressOf,678.0
1256,CALL,,<operator>.addition,678.0
1257,CALL,,<operator>.assignment,679.0
1258,CALL,,<operator>.indirectIndexAccess,679.0
1259,CALL,,<operator>.assignment,681.0
1260,CALL,,<operator>.lessThan,681.0
1261,CALL,,<operator>.postIncrement,681.0
1262,CALL,,<operator>.assignment,682.0
1263,CALL,,<operator>.indirectIndexAccess,682.0
1264,CALL,,<operator>.indirectIndexAccess,682.0
1265,CALL,,<operator>.subtraction,682.0
1266,CALL,,<operator>.indirectIndexAccess,682.0
1267,CALL,,<operator>.assignment,683.0
1268,CALL,,<operator>.indirectIndexAccess,683.0
1269,CALL,double,<operator>.indirectIndexAccess,683.0
1270,CALL,double,<operator>.indirectIndexAccess,683.0
1271,CALL,,<operator>.assignment,732.0
1272,CALL,,<operator>.addition,732.0
1273,CALL,,<operator>.subtraction,732.0
1274,CALL,,<operator>.assignment,737.0
1275,CALL,,<operator>.lessThan,737.0
1276,CALL,,<operator>.addition,737.0
1277,CALL,,<operator>.postIncrement,737.0
1278,CALL,,<operator>.assignment,738.0
1279,CALL,,<operator>.indirectIndexAccess,738.0
1280,CALL,,<operator>.assignment,741.0
1281,CALL,,<operator>.lessThan,741.0
1282,CALL,,<operator>.postIncrement,741.0
1283,CALL,,<operator>.assignment,742.0
1284,CALL,,<operator>.lessThan,742.0
1285,CALL,,<operator>.indirectIndexAccess,742.0
1286,CALL,,<operator>.postIncrement,742.0
1287,CALL,,<operator>.assignment,743.0
1288,CALL,,<operator>.addition,743.0
1289,CALL,,<operator>.indirectIndexAccess,743.0
1290,CALL,,<operator>.indirectIndexAccess,743.0
1291,CALL,,<operator>.assignment,744.0
1292,CALL,,<operator>.indirectIndexAccess,744.0
1293,CALL,,<operator>.addition,744.0
1294,CALL,,<operator>.indirectIndexAccess,744.0
1295,CALL,,<operator>.indirectIndexAccess,744.0
1296,CALL,,<operator>.assignment,748.0
1297,CALL,,<operator>.indirectIndexAccess,748.0
1298,CALL,,<operator>.assignment,749.0
1299,CALL,,<operator>.lessThan,749.0
1300,CALL,,<operator>.addition,749.0
1301,CALL,,<operator>.postIncrement,749.0
1302,CALL,,<operator>.assignment,750.0
1303,CALL,,<operator>.indirectIndexAccess,750.0
1304,CALL,,<operator>.addition,750.0
1305,CALL,,<operator>.indirectIndexAccess,750.0
1306,CALL,,<operator>.indirectIndexAccess,750.0
1307,CALL,,<operator>.subtraction,750.0
1308,CALL,,<operator>.assignment,752.0
1309,CALL,,<operator>.subtraction,752.0
1310,CALL,,<operator>.indirectIndexAccess,752.0
1311,CALL,,<operator>.greaterThan,758.0
1312,CALL,,printf,759.0
1313,CALL,,printf,760.0
1314,CALL,,exit,761.0
1315,CALL,,<operator>.assignment,767.0
1316,CALL,,<operator>.lessThan,767.0
1317,CALL,,<operator>.postIncrement,767.0
1318,CALL,,<operator>.assignment,768.0
1319,CALL,,<operator>.indirectIndexAccess,768.0
1320,CALL,,<operator>.lessThan,768.0
1321,CALL,,<operator>.indirectIndexAccess,768.0
1322,CALL,,<operator>.addition,768.0
1323,CALL,,<operator>.postIncrement,768.0
1324,CALL,,<operator>.assignment,769.0
1325,CALL,double,<operator>.indirectIndexAccess,769.0
1326,CALL,,<operator>.assignment,770.0
1327,CALL,,<operator>.indirectIndexAccess,770.0
1328,CALL,,<operator>.minus,770.0
1329,CALL,,<operator>.assignment,772.0
1330,CALL,,<operator>.indirectIndexAccess,772.0
1331,CALL,,<operator>.assignment,778.0
1332,CALL,double,<operator>.assignment,779.0
1333,CALL,double,pow,779.0
1334,CALL,,<operator>.division,779.0
1335,CALL,,<operator>.cast,779.0
1336,CALL,,<operator>.assignment,781.0
1337,CALL,,<operator>.lessThan,781.0
1338,CALL,,<operator>.postIncrement,781.0
1339,CALL,,<operator>.assignment,782.0
1340,CALL,,<operator>.lessThan,782.0
1341,CALL,,<operator>.indirectIndexAccess,782.0
1342,CALL,,<operator>.postIncrement,782.0
1343,CALL,,<operator>.assignment,783.0
1344,CALL,,<operator>.indirectIndexAccess,783.0
1345,CALL,,<operator>.indirectIndexAccess,783.0
1346,CALL,,<operator>.assignment,785.0
1347,CALL,,<operator>.multiplication,785.0
1348,CALL,,<operator>.indirectIndexAccess,785.0
1349,CALL,double,<operator>.indirectIndexAccess,785.0
1350,CALL,,<operator>.assignment,786.0
1351,CALL,,<operator>.lessThan,786.0
1352,CALL,,<operator>.indirectIndexAccess,786.0
1353,CALL,,<operator>.postIncrement,786.0
1354,CALL,,<operator>.assignment,787.0
1355,CALL,,<operator>.indirectIndexAccess,787.0
1356,CALL,,<operator>.indirectIndexAccess,787.0
1357,CALL,,<operator>.assignment,788.0
1358,CALL,,<operator>.multiplication,788.0
1359,CALL,,<operator>.indirectIndexAccess,788.0
1360,CALL,double,<operator>.indirectIndexAccess,788.0
1361,CALL,double,<operator>.logicalAnd,794.0
1362,CALL,,<operator>.equals,794.0
1363,CALL,,<operator>.equals,794.0
1364,CALL,double,<operator>.assignment,795.0
1365,CALL,double,<operator>.subtraction,795.0
1366,CALL,double,<operator>.addition,795.0
1367,CALL,,<operator>.assignment,798.0
1368,CALL,,<operator>.assignment,799.0
1369,CALL,,<operator>.indirectIndexAccess,799.0
1370,CALL,,<operator>.lessThan,799.0
1371,CALL,,<operator>.indirectIndexAccess,799.0
1372,CALL,,<operator>.addition,799.0
1373,CALL,,<operator>.postIncrement,799.0
1374,CALL,,<operator>.greaterThan,800.0
1375,CALL,,<operator>.indirectIndexAccess,800.0
1376,CALL,,<operator>.assignment,804.0
1377,CALL,,<operator>.subtraction,804.0
1378,CALL,,<operator>.indirectIndexAccess,804.0
1379,CALL,,<operator>.addition,804.0
1380,CALL,,<operator>.greaterEqualsThan,804.0
1381,CALL,,<operator>.postDecrement,804.0
1382,CALL,,<operator>.greaterThan,805.0
1383,CALL,,<operator>.indirectIndexAccess,805.0
1384,CALL,,<operator>.minus,805.0
1385,CALL,double,<operator>.assignment,806.0
1386,CALL,double,<operator>.indirectIndexAccess,806.0
1387,CALL,,<operator>.addition,806.0
1388,CALL,double,<operator>.indirectIndexAccess,806.0
1389,CALL,,<operator>.assignment,807.0
1390,CALL,,<operator>.indirectIndexAccess,807.0
1391,CALL,,<operator>.addition,807.0
1392,CALL,,<operator>.indirectIndexAccess,807.0
1393,CALL,,<operator>.assignment,810.0
1394,CALL,,<operator>.indirectIndexAccess,810.0
1395,CALL,,<operator>.assignment,811.0
1396,CALL,double,<operator>.indirectIndexAccess,811.0
1397,CALL,,<operator>.assignment,812.0
1398,CALL,,<operator>.equals,814.0
1399,CALL,,<operator>.indirectIndexAccess,814.0
1400,CALL,,<operator>.minus,814.0
1401,CALL,,<operator>.assignment,815.0
1402,CALL,,<operator>.indirectIndexAccess,815.0
1403,CALL,,<operator>.assignment,816.0
1404,CALL,,<operator>.equals,818.0
1405,CALL,,<operator>.indirectIndexAccess,818.0
1406,CALL,,<operator>.assignment,822.0
1407,CALL,,<operator>.indirectIndexAccess,822.0
1408,CALL,,<operator>.addition,822.0
1409,CALL,,<operator>.indirectIndexAccess,822.0
1410,CALL,,<operator>.assignment,823.0
1411,CALL,,<operator>.equals,827.0
1412,CALL,,printf,828.0
1413,CALL,,exit,829.0
1414,CALL,,EXIT_FAILURE,829.0
1415,CALL,double,<operator>.assignment,831.0
1416,CALL,double,<operator>.indirectIndexAccess,831.0
1417,CALL,double,<operator>.addition,831.0
1418,CALL,double,<operator>.indirectIndexAccess,831.0
1419,CALL,double,<operator>.assignment,834.0
1420,CALL,double,<operator>.multiplication,834.0
1421,CALL,,<operator>.assignment,840.0
1422,CALL,,<operator>.lessThan,840.0
1423,CALL,,<operator>.postIncrement,840.0
1424,CALL,,<operator>.assignment,841.0
1425,CALL,,<operator>.indirectIndexAccess,841.0
1426,CALL,,<operator>.addition,841.0
1427,CALL,,<operator>.indirectIndexAccess,841.0
1428,CALL,,<operator>.indirectIndexAccess,841.0
1429,CALL,,<operator>.subtraction,841.0
1430,CALL,,<operator>.assignment,844.0
1431,CALL,,<operator>.lessThan,844.0
1432,CALL,,<operator>.postIncrement,844.0
1433,CALL,,<operator>.greaterThan,845.0
1434,CALL,,<operator>.assignment,846.0
1435,CALL,,<operator>.subtraction,846.0
1436,CALL,,<operator>.indirectIndexAccess,846.0
1437,CALL,,<operator>.indirectIndexAccess,846.0
1438,CALL,,<operator>.subtraction,846.0
1439,CALL,,<operator>.assignment,848.0
1440,CALL,,<operator>.assignment,850.0
1441,CALL,,<operator>.subtraction,850.0
1442,CALL,,<operator>.indirectIndexAccess,850.0
1443,CALL,,<operator>.addition,850.0
1444,CALL,,<operator>.indirectIndexAccess,850.0
1445,CALL,,<operator>.assignment,851.0
1446,CALL,,<operator>.indirectIndexAccess,851.0
1447,CALL,,<operator>.assignment,852.0
1448,CALL,,<operator>.lessThan,852.0
1449,CALL,,<operator>.postIncrement,852.0
1450,CALL,double,<operator>.assignment,853.0
1451,CALL,double,<operator>.indirectIndexAccess,853.0
1452,CALL,double,<operator>.indirectIndexAccess,853.0
1453,CALL,,<operator>.assignment,854.0
1454,CALL,,<operator>.indirectIndexAccess,854.0
1455,CALL,,<operator>.indirectIndexAccess,854.0
1456,CALL,,<operator>.assignment,855.0
1457,CALL,,<operator>.addition,855.0
1458,CALL,,<operator>.assignment,858.0
1459,CALL,,<operator>.lessThan,858.0
1460,CALL,,<operator>.addition,858.0
1461,CALL,,<operator>.postIncrement,858.0
1462,CALL,,<operator>.assignment,859.0
1463,CALL,,<operator>.indirectIndexAccess,859.0
1464,CALL,,<operator>.subtraction,859.0
1465,CALL,,<operator>.indirectIndexAccess,859.0
1466,CALL,,<operator>.indirectIndexAccess,859.0
1467,CALL,,<operator>.subtraction,859.0
1468,CALL,,<operator>.assignment,861.0
1469,CALL,,<operator>.subtraction,861.0
1470,CALL,,<operator>.indirectIndexAccess,861.0
1471,CALL,,<operator>.assignment,880.0
1472,CALL,,<operator>.lessThan,882.0
1473,CALL,,<operator>.assignment,883.0
1474,CALL,,randlc,883.0
1475,CALL,,<operator>.addressOf,883.0
1476,CALL,,<operator>.assignment,888.0
1477,CALL,,randlc,888.0
1478,CALL,,<operator>.addressOf,888.0
1479,CALL,,<operator>.assignment,889.0
1480,CALL,,<operator>.addition,889.0
1481,CALL,,icnvrt,889.0
1482,CALL,,<operator>.greaterThan,890.0
1483,CALL,,<operator>.assignment,895.0
1484,CALL,,<operator>.assignment,896.0
1485,CALL,,<operator>.lessThan,896.0
1486,CALL,,<operator>.postIncrement,896.0
1487,CALL,,<operator>.equals,897.0
1488,CALL,,<operator>.indirectIndexAccess,897.0
1489,CALL,,<operator>.assignment,898.0
1490,CALL,double,<operator>.assignment,903.0
1491,CALL,double,<operator>.indirectIndexAccess,903.0
1492,CALL,,<operator>.assignment,904.0
1493,CALL,,<operator>.indirectIndexAccess,904.0
1494,CALL,,<operator>.assignment,905.0
1495,CALL,,<operator>.addition,905.0
1496,CALL,,<operator>.cast,915.0
1497,CALL,,<operator>.multiplication,915.0
1498,CALL,,<operator>.assignment,928.0
1499,CALL,,<operator>.assignment,929.0
1500,CALL,,<operator>.lessThan,929.0
1501,CALL,,<operator>.indirection,929.0
1502,CALL,,<operator>.postIncrement,929.0
1503,CALL,,<operator>.equals,930.0
1504,CALL,,<operator>.indirectIndexAccess,930.0
1505,CALL,double,<operator>.assignment,931.0
1506,CALL,double,<operator>.indirectIndexAccess,931.0
1507,CALL,,<operator>.assignment,932.0
1508,CALL,,<operator>.equals,935.0
1509,CALL,double,<operator>.assignment,936.0
1510,CALL,double,<operator>.indirectIndexAccess,936.0
1511,CALL,,<operator>.indirection,936.0
1512,CALL,,<operator>.assignment,937.0
1513,CALL,,<operator>.indirectIndexAccess,937.0
1514,CALL,,<operator>.indirection,937.0
1515,CALL,,<operator>.assignment,938.0
1516,CALL,,<operator>.indirection,938.0
1517,CALL,,<operator>.addition,938.0
1518,CALL,,<operator>.indirection,938.0
1519,BLOCK,,,
1520,BLOCK,,,
1521,BLOCK,,,
1522,BLOCK,,,
1523,BLOCK,,,
1524,BLOCK,,,
1525,BLOCK,,,
1526,BLOCK,,,
1527,BLOCK,,,
1528,BLOCK,,,
1529,BLOCK,,,
1530,BLOCK,,,
1531,BLOCK,,,
1532,BLOCK,,,
1533,BLOCK,,,
1534,BLOCK,,,
1535,BLOCK,,,
1536,BLOCK,,,
1537,BLOCK,,,
1538,BLOCK,,,
1539,BLOCK,,,
1540,BLOCK,,,
1541,BLOCK,,,
1542,BLOCK,,,
1543,BLOCK,,,
1544,BLOCK,,,
1545,BLOCK,,,
1546,BLOCK,,,
1547,BLOCK,,,
1548,BLOCK,,,
1549,BLOCK,,,
1550,BLOCK,,,
1551,BLOCK,,,
1552,BLOCK,,,
1553,BLOCK,,,
1554,BLOCK,,,
1555,BLOCK,,,
1556,BLOCK,,,
1557,BLOCK,,,
1558,BLOCK,,,
1559,BLOCK,,,
1560,BLOCK,,,
1561,BLOCK,,,
1562,BLOCK,,,
1563,BLOCK,,,
1564,BLOCK,,,
1565,BLOCK,,,
1566,BLOCK,,,
1567,BLOCK,,,
1568,BLOCK,,,
1569,BLOCK,,,
1570,BLOCK,,,
1571,BLOCK,,,
1572,BLOCK,,,
1573,BLOCK,,,
1574,BLOCK,,,
1575,BLOCK,,,
1576,BLOCK,,,
1577,BLOCK,,,
1578,BLOCK,,,
1579,BLOCK,,,
1580,BLOCK,,,
1581,BLOCK,,,
1582,BLOCK,,,
1583,BLOCK,,,
1584,BLOCK,,,
1585,BLOCK,,,
1586,BLOCK,,,
1587,BLOCK,,,
1588,BLOCK,,,
1589,BLOCK,,,
1590,BLOCK,,,
1591,BLOCK,,,
1592,BLOCK,,,
1593,BLOCK,,,
1594,BLOCK,,,
1595,BLOCK,,,
1596,BLOCK,,,
1597,BLOCK,,,
1598,BLOCK,,,
1599,BLOCK,,,
1600,BLOCK,,,
1601,BLOCK,,,
1602,BLOCK,,,
1603,BLOCK,,,
1604,BLOCK,,,
1605,BLOCK,,,
1606,BLOCK,,,
1607,BLOCK,,,
1608,BLOCK,,,
1609,BLOCK,,,
1610,BLOCK,,,
1611,BLOCK,,,
1612,BLOCK,,,
1613,BLOCK,,,
1614,BLOCK,,,
1615,BLOCK,,,
1616,BLOCK,,,
1617,BLOCK,,,
1618,BLOCK,,,
1619,BLOCK,,,
1620,BLOCK,,,
1621,BLOCK,,,
1622,BLOCK,,,
1623,BLOCK,,,
1624,BLOCK,,,
1625,BLOCK,,,
1626,BLOCK,,,
1627,BLOCK,,,
1628,BLOCK,,,
1629,BLOCK,,,
1630,BLOCK,,,
1631,BLOCK,,,
1632,BLOCK,,,
1633,BLOCK,,,
1634,BLOCK,,,
1635,BLOCK,,,
1636,BLOCK,,,
1637,BLOCK,,,
1638,BLOCK,,,
1639,BLOCK,,,
1640,BLOCK,,,
1641,BLOCK,,,
1642,BLOCK,,,
1643,BLOCK,,,
1644,BLOCK,,,
1645,BLOCK,,,
1646,BLOCK,,,
1647,BLOCK,,,
1648,BLOCK,,,
1649,BLOCK,,,
1650,BLOCK,,,
1651,BLOCK,,,
1652,BLOCK,,,
1653,BLOCK,,,
1654,BLOCK,,,
1655,BLOCK,,,
1656,BLOCK,,,
1657,BLOCK,,,
1658,BLOCK,,,
1659,BLOCK,,,
1660,BLOCK,,,
1661,BLOCK,,,
1662,BLOCK,,,
1663,BLOCK,,,
1664,BLOCK,,,
1665,BLOCK,,,
1666,BLOCK,,,
1667,BLOCK,,,
1668,BLOCK,,,
1669,BLOCK,,,
1670,BLOCK,,,
1671,BLOCK,,,
1672,BLOCK,,,
1673,BLOCK,,,
1674,BLOCK,,,
1675,BLOCK,,,
1676,BLOCK,,,
1677,BLOCK,,,
1678,BLOCK,,,
1679,BLOCK,,,
1680,BLOCK,,,
1681,BLOCK,,,
1682,BLOCK,,,
1683,BLOCK,,,
1684,BLOCK,,,
1685,BLOCK,,,
1686,BLOCK,,,
1687,BLOCK,,,
1688,BLOCK,,,
1689,BLOCK,,,
1690,BLOCK,,,
1691,BLOCK,,,
1692,BLOCK,,,
1693,BLOCK,,,
1694,BLOCK,,,
1695,BLOCK,,,
1696,BLOCK,,,
1697,BLOCK,,,
1698,BLOCK,,,
1699,BLOCK,,,
1700,BLOCK,,,
1701,BLOCK,,,
1702,BLOCK,,,
1703,BLOCK,,,
1704,BLOCK,,,
1705,BLOCK,,,
1706,BLOCK,,,
1707,BLOCK,,,
1708,BLOCK,,,
1709,BLOCK,,,
1710,BLOCK,,,
1711,BLOCK,,,
1712,BLOCK,,,
1713,BLOCK,,,
1714,BLOCK,,,
1715,BLOCK,,,
1716,BLOCK,,,
1717,BLOCK,,,
1718,BLOCK,,,
1719,IDENTIFIER,__uint16_t,__bsx,39.0
1720,IDENTIFIER,__uint16_t,__bsx,39.0
1721,IDENTIFIER,__uint16_t,__bsx,39.0
1722,IDENTIFIER,__uint32_t,__bsx,54.0
1723,IDENTIFIER,__uint32_t,__bsx,54.0
1724,IDENTIFIER,__uint32_t,__bsx,54.0
1725,IDENTIFIER,__uint32_t,__bsx,54.0
1726,IDENTIFIER,__uint32_t,__bsx,54.0
1727,IDENTIFIER,__uint64_t,__bsx,75.0
1728,IDENTIFIER,__uint64_t,__bsx,75.0
1729,IDENTIFIER,__uint64_t,__bsx,75.0
1730,IDENTIFIER,__uint64_t,__bsx,75.0
1731,IDENTIFIER,__uint64_t,__bsx,75.0
1732,IDENTIFIER,__uint64_t,__bsx,75.0
1733,IDENTIFIER,__uint64_t,__bsx,75.0
1734,IDENTIFIER,__uint64_t,__bsx,75.0
1735,IDENTIFIER,__uint64_t,__bsx,75.0
1736,IDENTIFIER,__uint16_t,__x,35.0
1737,IDENTIFIER,__uint32_t,__x,41.0
1738,IDENTIFIER,__uint64_t,__x,47.0
1739,IDENTIFIER,ANY,FP_NAN,855.0
1740,IDENTIFIER,ANY,FP_INFINITE,858.0
1741,IDENTIFIER,ANY,FP_ZERO,861.0
1742,IDENTIFIER,ANY,FP_SUBNORMAL,864.0
1743,IDENTIFIER,ANY,FP_NORMAL,867.0
1744,IDENTIFIER,int,zeta_flag,127.0
1745,IDENTIFIER,char[]*,argv,127.0
1746,IDENTIFIER,int,i,146.0
1747,IDENTIFIER,int,i,146.0
1748,IDENTIFIER,ANY,T_last,146.0
1749,IDENTIFIER,int,i,146.0
1750,IDENTIFIER,int,i,147.0
1751,IDENTIFIER,FILE,fp,151.0
1752,IDENTIFIER,logical,timeron,152.0
1753,IDENTIFIER,ANY,true,152.0
1754,IDENTIFIER,char*[],t_names,153.0
1755,IDENTIFIER,ANY,T_init,153.0
1756,IDENTIFIER,char*[],t_names,154.0
1757,IDENTIFIER,ANY,T_bench,154.0
1758,IDENTIFIER,char*[],t_names,155.0
1759,IDENTIFIER,ANY,T_conj_grad,155.0
1760,IDENTIFIER,FILE,fp,156.0
1761,IDENTIFIER,logical,timeron,158.0
1762,IDENTIFIER,ANY,false,158.0
1763,IDENTIFIER,ANY,T_init,161.0
1764,IDENTIFIER,int,firstrow,163.0
1765,IDENTIFIER,int,lastrow,164.0
1766,IDENTIFIER,ANY,,164.0
1767,IDENTIFIER,int,firstcol,165.0
1768,IDENTIFIER,int,lastcol,166.0
1769,IDENTIFIER,ANY,,166.0
1770,IDENTIFIER,ANY,,171.0
1771,IDENTIFIER,ANY,NITER,172.0
1772,IDENTIFIER,int,naa,175.0
1773,IDENTIFIER,ANY,,175.0
1774,IDENTIFIER,int,nzz,176.0
1775,IDENTIFIER,ANY,NZ,176.0
1776,IDENTIFIER,double,tran,181.0
1777,IDENTIFIER,double,amult,182.0
1778,IDENTIFIER,double,zeta,183.0
1779,IDENTIFIER,double,tran,183.0
1780,IDENTIFIER,double,amult,183.0
1781,IDENTIFIER,int,naa,188.0
1782,IDENTIFIER,int,nzz,188.0
1783,IDENTIFIER,double[],a,188.0
1784,IDENTIFIER,int[],colidx,188.0
1785,IDENTIFIER,int[],rowstr,188.0
1786,IDENTIFIER,int,firstrow,189.0
1787,IDENTIFIER,int,lastrow,189.0
1788,IDENTIFIER,int,firstcol,189.0
1789,IDENTIFIER,int,lastcol,189.0
1790,IDENTIFIER,int[],arow,190.0
1791,IDENTIFIER,int[],acol,191.0
1792,IDENTIFIER,double[],aelt,192.0
1793,IDENTIFIER,int[],iv,193.0
1794,IDENTIFIER,int,j,203.0
1795,IDENTIFIER,int,j,203.0
1796,IDENTIFIER,int,lastrow,203.0
1797,IDENTIFIER,int,firstrow,203.0
1798,IDENTIFIER,int,j,203.0
1799,IDENTIFIER,int,k,204.0
1800,IDENTIFIER,int[],rowstr,204.0
1801,IDENTIFIER,int,j,204.0
1802,IDENTIFIER,int,k,204.0
1803,IDENTIFIER,int[],rowstr,204.0
1804,IDENTIFIER,int,j,204.0
1805,IDENTIFIER,int,k,204.0
1806,IDENTIFIER,int[],colidx,205.0
1807,IDENTIFIER,int,k,205.0
1808,IDENTIFIER,int[],colidx,205.0
1809,IDENTIFIER,int,k,205.0
1810,IDENTIFIER,int,firstcol,205.0
1811,IDENTIFIER,int,i,212.0
1812,IDENTIFIER,int,i,212.0
1813,IDENTIFIER,ANY,,212.0
1814,IDENTIFIER,int,i,212.0
1815,IDENTIFIER,double[],x,213.0
1816,IDENTIFIER,int,i,213.0
1817,IDENTIFIER,int,j,215.0
1818,IDENTIFIER,int,j,215.0
1819,IDENTIFIER,int,lastcol,215.0
1820,IDENTIFIER,int,firstcol,215.0
1821,IDENTIFIER,int,j,215.0
1822,IDENTIFIER,double[],q,216.0
1823,IDENTIFIER,int,j,216.0
1824,IDENTIFIER,double[],z,217.0
1825,IDENTIFIER,int,j,217.0
1826,IDENTIFIER,double[],r,218.0
1827,IDENTIFIER,int,j,218.0
1828,IDENTIFIER,double[],p,219.0
1829,IDENTIFIER,int,j,219.0
1830,IDENTIFIER,double,zeta,222.0
1831,IDENTIFIER,int,it,229.0
1832,IDENTIFIER,int,it,229.0
1833,IDENTIFIER,int,it,229.0
1834,IDENTIFIER,int[],colidx,233.0
1835,IDENTIFIER,int[],rowstr,233.0
1836,IDENTIFIER,double[],x,233.0
1837,IDENTIFIER,double[],z,233.0
1838,IDENTIFIER,double[],a,233.0
1839,IDENTIFIER,double[],p,233.0
1840,IDENTIFIER,double[],q,233.0
1841,IDENTIFIER,double[],r,233.0
1842,IDENTIFIER,double,rnorm,233.0
1843,IDENTIFIER,double,norm_temp1,241.0
1844,IDENTIFIER,double,norm_temp2,242.0
1845,IDENTIFIER,int,j,243.0
1846,IDENTIFIER,int,j,243.0
1847,IDENTIFIER,int,lastcol,243.0
1848,IDENTIFIER,int,firstcol,243.0
1849,IDENTIFIER,int,j,243.0
1850,IDENTIFIER,double,norm_temp1,244.0
1851,IDENTIFIER,double,norm_temp1,244.0
1852,IDENTIFIER,double[],x,244.0
1853,IDENTIFIER,int,j,244.0
1854,IDENTIFIER,double[],z,244.0
1855,IDENTIFIER,int,j,244.0
1856,IDENTIFIER,double,norm_temp2,245.0
1857,IDENTIFIER,double,norm_temp2,245.0
1858,IDENTIFIER,double[],z,245.0
1859,IDENTIFIER,int,j,245.0
1860,IDENTIFIER,double[],z,245.0
1861,IDENTIFIER,int,j,245.0
1862,IDENTIFIER,double,norm_temp2,248.0
1863,IDENTIFIER,double,norm_temp2,248.0
1864,IDENTIFIER,int,j,253.0
1865,IDENTIFIER,int,j,253.0
1866,IDENTIFIER,int,lastcol,253.0
1867,IDENTIFIER,int,firstcol,253.0
1868,IDENTIFIER,int,j,253.0
1869,IDENTIFIER,double[],x,254.0
1870,IDENTIFIER,int,j,254.0
1871,IDENTIFIER,double,norm_temp2,254.0
1872,IDENTIFIER,double[],z,254.0
1873,IDENTIFIER,int,j,254.0
1874,IDENTIFIER,int,i,262.0
1875,IDENTIFIER,int,i,262.0
1876,IDENTIFIER,ANY,,262.0
1877,IDENTIFIER,int,i,262.0
1878,IDENTIFIER,double[],x,263.0
1879,IDENTIFIER,int,i,263.0
1880,IDENTIFIER,double,zeta,266.0
1881,IDENTIFIER,ANY,T_init,268.0
1882,IDENTIFIER,ANY,T_init,270.0
1883,IDENTIFIER,ANY,T_bench,272.0
1884,IDENTIFIER,int,it,279.0
1885,IDENTIFIER,int,it,279.0
1886,IDENTIFIER,ANY,NITER,279.0
1887,IDENTIFIER,int,it,279.0
1888,IDENTIFIER,logical,timeron,283.0
1889,IDENTIFIER,ANY,T_conj_grad,283.0
1890,IDENTIFIER,int[],colidx,284.0
1891,IDENTIFIER,int[],rowstr,284.0
1892,IDENTIFIER,double[],x,284.0
1893,IDENTIFIER,double[],z,284.0
1894,IDENTIFIER,double[],a,284.0
1895,IDENTIFIER,double[],p,284.0
1896,IDENTIFIER,double[],q,284.0
1897,IDENTIFIER,double[],r,284.0
1898,IDENTIFIER,double,rnorm,284.0
1899,IDENTIFIER,logical,timeron,285.0
1900,IDENTIFIER,ANY,T_conj_grad,285.0
1901,IDENTIFIER,double,norm_temp1,293.0
1902,IDENTIFIER,double,norm_temp2,294.0
1903,IDENTIFIER,int,j,295.0
1904,IDENTIFIER,int,j,295.0
1905,IDENTIFIER,int,lastcol,295.0
1906,IDENTIFIER,int,firstcol,295.0
1907,IDENTIFIER,int,j,295.0
1908,IDENTIFIER,double,norm_temp1,296.0
1909,IDENTIFIER,double,norm_temp1,296.0
1910,IDENTIFIER,double[],x,296.0
1911,IDENTIFIER,int,j,296.0
1912,IDENTIFIER,double[],z,296.0
1913,IDENTIFIER,int,j,296.0
1914,IDENTIFIER,double,norm_temp2,297.0
1915,IDENTIFIER,double,norm_temp2,297.0
1916,IDENTIFIER,double[],z,297.0
1917,IDENTIFIER,int,j,297.0
1918,IDENTIFIER,double[],z,297.0
1919,IDENTIFIER,int,j,297.0
1920,IDENTIFIER,double,norm_temp2,300.0
1921,IDENTIFIER,double,norm_temp2,300.0
1922,IDENTIFIER,double,zeta,302.0
1923,IDENTIFIER,ANY,SHIFT,302.0
1924,IDENTIFIER,double,norm_temp1,302.0
1925,IDENTIFIER,int,it,303.0
1926,IDENTIFIER,int,it,305.0
1927,IDENTIFIER,double,rnorm,305.0
1928,IDENTIFIER,double,zeta,305.0
1929,IDENTIFIER,int,j,310.0
1930,IDENTIFIER,int,j,310.0
1931,IDENTIFIER,int,lastcol,310.0
1932,IDENTIFIER,int,firstcol,310.0
1933,IDENTIFIER,int,j,310.0
1934,IDENTIFIER,double[],x,311.0
1935,IDENTIFIER,int,j,311.0
1936,IDENTIFIER,double,norm_temp2,311.0
1937,IDENTIFIER,double[],z,311.0
1938,IDENTIFIER,int,j,311.0
1939,IDENTIFIER,ANY,T_bench,315.0
1940,IDENTIFIER,double,t,321.0
1941,IDENTIFIER,ANY,T_bench,321.0
1942,IDENTIFIER,ANY,,325.0
1943,IDENTIFIER,ANY,NONZER,325.0
1944,IDENTIFIER,ANY,NITER,325.0
1945,IDENTIFIER,ANY,SHIFT,325.0
1946,IDENTIFIER,char,Class,326.0
1947,IDENTIFIER,double,zeta_verify_value,327.0
1948,IDENTIFIER,ANY,,328.0
1949,IDENTIFIER,ANY,NONZER,328.0
1950,IDENTIFIER,ANY,NITER,328.0
1951,IDENTIFIER,ANY,SHIFT,328.0
1952,IDENTIFIER,char,Class,329.0
1953,IDENTIFIER,double,zeta_verify_value,330.0
1954,IDENTIFIER,ANY,,331.0
1955,IDENTIFIER,ANY,NONZER,331.0
1956,IDENTIFIER,ANY,NITER,331.0
1957,IDENTIFIER,ANY,SHIFT,331.0
1958,IDENTIFIER,char,Class,332.0
1959,IDENTIFIER,double,zeta_verify_value,333.0
1960,IDENTIFIER,ANY,,350.0
1961,IDENTIFIER,ANY,NONZER,350.0
1962,IDENTIFIER,ANY,NITER,350.0
1963,IDENTIFIER,ANY,SHIFT,350.0
1964,IDENTIFIER,char,Class,351.0
1965,IDENTIFIER,double,zeta_verify_value,352.0
1966,IDENTIFIER,ANY,,353.0
1967,IDENTIFIER,ANY,NONZER,353.0
1968,IDENTIFIER,ANY,NITER,353.0
1969,IDENTIFIER,ANY,SHIFT,353.0
1970,IDENTIFIER,char,Class,354.0
1971,IDENTIFIER,double,zeta_verify_value,355.0
1972,IDENTIFIER,ANY,,356.0
1973,IDENTIFIER,ANY,NONZER,356.0
1974,IDENTIFIER,ANY,NITER,356.0
1975,IDENTIFIER,ANY,SHIFT,356.0
1976,IDENTIFIER,char,Class,357.0
1977,IDENTIFIER,double,zeta_verify_value,358.0
1978,IDENTIFIER,ANY,,359.0
1979,IDENTIFIER,ANY,NONZER,359.0
1980,IDENTIFIER,ANY,NITER,359.0
1981,IDENTIFIER,ANY,SHIFT,359.0
1982,IDENTIFIER,char,Class,360.0
1983,IDENTIFIER,double,zeta_verify_value,361.0
1984,IDENTIFIER,char,Class,363.0
1985,IDENTIFIER,double,epsilon,366.0
1986,IDENTIFIER,char,Class,367.0
1987,IDENTIFIER,double,err,368.0
1988,IDENTIFIER,double,zeta,368.0
1989,IDENTIFIER,double,zeta_verify_value,368.0
1990,IDENTIFIER,double,zeta_verify_value,368.0
1991,IDENTIFIER,double,err,369.0
1992,IDENTIFIER,double,epsilon,369.0
1993,IDENTIFIER,logical,verified,370.0
1994,IDENTIFIER,ANY,true,370.0
1995,IDENTIFIER,double,zeta,372.0
1996,IDENTIFIER,double,err,373.0
1997,IDENTIFIER,logical,verified,375.0
1998,IDENTIFIER,ANY,false,375.0
1999,IDENTIFIER,double,zeta,377.0
2000,IDENTIFIER,double,zeta_verify_value,378.0
2001,IDENTIFIER,FILE,fp,381.0
2002,IDENTIFIER,logical,verified,382.0
2003,IDENTIFIER,FILE,fp,382.0
2004,IDENTIFIER,FILE,fp,383.0
2005,IDENTIFIER,double,zeta,383.0
2006,IDENTIFIER,FILE,fp,384.0
2007,IDENTIFIER,double,err,384.0
2008,IDENTIFIER,logical,verified,386.0
2009,IDENTIFIER,ANY,false,386.0
2010,IDENTIFIER,double,t,391.0
2011,IDENTIFIER,double,mflops,392.0
2012,IDENTIFIER,ANY,NITER,392.0
2013,IDENTIFIER,ANY,,392.0
2014,IDENTIFIER,ANY,NONZER,393.0
2015,IDENTIFIER,ANY,NONZER,393.0
2016,IDENTIFIER,ANY,NONZER,394.0
2017,IDENTIFIER,ANY,NONZER,394.0
2018,IDENTIFIER,double,t,395.0
2019,IDENTIFIER,double,mflops,397.0
2020,IDENTIFIER,FILE,fp_t,401.0
2021,IDENTIFIER,FILE,fp_t,402.0
2022,IDENTIFIER,double,t,402.0
2023,IDENTIFIER,char,Class,404.0
2024,IDENTIFIER,ANY,,404.0
2025,IDENTIFIER,ANY,NITER,405.0
2026,IDENTIFIER,double,t,405.0
2027,IDENTIFIER,double,mflops,406.0
2028,IDENTIFIER,logical,verified,407.0
2029,IDENTIFIER,ANY,NPBVERSION,407.0
2030,IDENTIFIER,ANY,COMPILETIME,407.0
2031,IDENTIFIER,ANY,CS1,408.0
2032,IDENTIFIER,ANY,CS2,408.0
2033,IDENTIFIER,ANY,CS3,408.0
2034,IDENTIFIER,ANY,CS4,408.0
2035,IDENTIFIER,ANY,CS5,408.0
2036,IDENTIFIER,ANY,CS6,408.0
2037,IDENTIFIER,ANY,CS7,408.0
2038,IDENTIFIER,logical,timeron,413.0
2039,IDENTIFIER,double,tmax,414.0
2040,IDENTIFIER,ANY,T_bench,414.0
2041,IDENTIFIER,double,tmax,415.0
2042,IDENTIFIER,double,tmax,415.0
2043,IDENTIFIER,int,i,417.0
2044,IDENTIFIER,int,i,417.0
2045,IDENTIFIER,ANY,T_last,417.0
2046,IDENTIFIER,int,i,417.0
2047,IDENTIFIER,double,t,418.0
2048,IDENTIFIER,int,i,418.0
2049,IDENTIFIER,int,i,419.0
2050,IDENTIFIER,ANY,T_init,419.0
2051,IDENTIFIER,char*[],t_names,420.0
2052,IDENTIFIER,int,i,420.0
2053,IDENTIFIER,double,t,420.0
2054,IDENTIFIER,char*[],t_names,422.0
2055,IDENTIFIER,int,i,422.0
2056,IDENTIFIER,double,t,422.0
2057,IDENTIFIER,double,t,422.0
2058,IDENTIFIER,double,tmax,422.0
2059,IDENTIFIER,int,i,423.0
2060,IDENTIFIER,ANY,T_conj_grad,423.0
2061,IDENTIFIER,double,t,424.0
2062,IDENTIFIER,double,tmax,424.0
2063,IDENTIFIER,double,t,424.0
2064,IDENTIFIER,double,t,425.0
2065,IDENTIFIER,double,t,425.0
2066,IDENTIFIER,double,tmax,425.0
2067,IDENTIFIER,int,cgitmax,450.0
2068,IDENTIFIER,double,rho,458.0
2069,IDENTIFIER,int,j,463.0
2070,IDENTIFIER,int,j,463.0
2071,IDENTIFIER,int,naa,463.0
2072,IDENTIFIER,int,j,463.0
2073,IDENTIFIER,double[],q,464.0
2074,IDENTIFIER,int,j,464.0
2075,IDENTIFIER,double[],z,465.0
2076,IDENTIFIER,int,j,465.0
2077,IDENTIFIER,double[],r,466.0
2078,IDENTIFIER,int,j,466.0
2079,IDENTIFIER,double[],x,466.0
2080,IDENTIFIER,int,j,466.0
2081,IDENTIFIER,double[],p,467.0
2082,IDENTIFIER,int,j,467.0
2083,IDENTIFIER,double[],r,467.0
2084,IDENTIFIER,int,j,467.0
2085,IDENTIFIER,int,j,474.0
2086,IDENTIFIER,int,j,474.0
2087,IDENTIFIER,int,lastcol,474.0
2088,IDENTIFIER,int,firstcol,474.0
2089,IDENTIFIER,int,j,474.0
2090,IDENTIFIER,double,rho,475.0
2091,IDENTIFIER,double,rho,475.0
2092,IDENTIFIER,double[],r,475.0
2093,IDENTIFIER,int,j,475.0
2094,IDENTIFIER,double[],r,475.0
2095,IDENTIFIER,int,j,475.0
2096,IDENTIFIER,int,cgit,483.0
2097,IDENTIFIER,int,cgit,483.0
2098,IDENTIFIER,int,cgitmax,483.0
2099,IDENTIFIER,int,cgit,483.0
2100,IDENTIFIER,int,j,496.0
2101,IDENTIFIER,int,j,496.0
2102,IDENTIFIER,int,lastrow,496.0
2103,IDENTIFIER,int,firstrow,496.0
2104,IDENTIFIER,int,j,496.0
2105,IDENTIFIER,double,sum,497.0
2106,IDENTIFIER,int,k,498.0
2107,IDENTIFIER,int[],rowstr,498.0
2108,IDENTIFIER,int,j,498.0
2109,IDENTIFIER,int,k,498.0
2110,IDENTIFIER,int[],rowstr,498.0
2111,IDENTIFIER,int,j,498.0
2112,IDENTIFIER,int,k,498.0
2113,IDENTIFIER,double,sum,499.0
2114,IDENTIFIER,double,sum,499.0
2115,IDENTIFIER,double[],a,499.0
2116,IDENTIFIER,int,k,499.0
2117,IDENTIFIER,double[],p,499.0
2118,IDENTIFIER,int[],colidx,499.0
2119,IDENTIFIER,int,k,499.0
2120,IDENTIFIER,double[],q,501.0
2121,IDENTIFIER,int,j,501.0
2122,IDENTIFIER,double,sum,501.0
2123,IDENTIFIER,double,d,545.0
2124,IDENTIFIER,int,j,546.0
2125,IDENTIFIER,int,j,546.0
2126,IDENTIFIER,int,lastcol,546.0
2127,IDENTIFIER,int,firstcol,546.0
2128,IDENTIFIER,int,j,546.0
2129,IDENTIFIER,double,d,547.0
2130,IDENTIFIER,double,d,547.0
2131,IDENTIFIER,double[],p,547.0
2132,IDENTIFIER,int,j,547.0
2133,IDENTIFIER,double[],q,547.0
2134,IDENTIFIER,int,j,547.0
2135,IDENTIFIER,double,alpha,553.0
2136,IDENTIFIER,double,rho,553.0
2137,IDENTIFIER,double,d,553.0
2138,IDENTIFIER,double,rho0,558.0
2139,IDENTIFIER,double,rho,558.0
2140,IDENTIFIER,double,rho,564.0
2141,IDENTIFIER,int,j,565.0
2142,IDENTIFIER,int,j,565.0
2143,IDENTIFIER,int,lastcol,565.0
2144,IDENTIFIER,int,firstcol,565.0
2145,IDENTIFIER,int,j,565.0
2146,IDENTIFIER,double[],z,566.0
2147,IDENTIFIER,int,j,566.0
2148,IDENTIFIER,double[],z,566.0
2149,IDENTIFIER,int,j,566.0
2150,IDENTIFIER,double,alpha,566.0
2151,IDENTIFIER,double[],p,566.0
2152,IDENTIFIER,int,j,566.0
2153,IDENTIFIER,double[],r,567.0
2154,IDENTIFIER,int,j,567.0
2155,IDENTIFIER,double[],r,567.0
2156,IDENTIFIER,int,j,567.0
2157,IDENTIFIER,double,alpha,567.0
2158,IDENTIFIER,double[],q,567.0
2159,IDENTIFIER,int,j,567.0
2160,IDENTIFIER,int,j,574.0
2161,IDENTIFIER,int,j,574.0
2162,IDENTIFIER,int,lastcol,574.0
2163,IDENTIFIER,int,firstcol,574.0
2164,IDENTIFIER,int,j,574.0
2165,IDENTIFIER,double,rho,575.0
2166,IDENTIFIER,double,rho,575.0
2167,IDENTIFIER,double[],r,575.0
2168,IDENTIFIER,int,j,575.0
2169,IDENTIFIER,double[],r,575.0
2170,IDENTIFIER,int,j,575.0
2171,IDENTIFIER,double,beta,581.0
2172,IDENTIFIER,double,rho,581.0
2173,IDENTIFIER,double,rho0,581.0
2174,IDENTIFIER,int,j,586.0
2175,IDENTIFIER,int,j,586.0
2176,IDENTIFIER,int,lastcol,586.0
2177,IDENTIFIER,int,firstcol,586.0
2178,IDENTIFIER,int,j,586.0
2179,IDENTIFIER,double[],p,587.0
2180,IDENTIFIER,int,j,587.0
2181,IDENTIFIER,double[],r,587.0
2182,IDENTIFIER,int,j,587.0
2183,IDENTIFIER,double,beta,587.0
2184,IDENTIFIER,double[],p,587.0
2185,IDENTIFIER,int,j,587.0
2186,IDENTIFIER,double,sum,596.0
2187,IDENTIFIER,int,j,597.0
2188,IDENTIFIER,int,j,597.0
2189,IDENTIFIER,int,lastrow,597.0
2190,IDENTIFIER,int,firstrow,597.0
2191,IDENTIFIER,int,j,597.0
2192,IDENTIFIER,double,d,598.0
2193,IDENTIFIER,int,k,599.0
2194,IDENTIFIER,int[],rowstr,599.0
2195,IDENTIFIER,int,j,599.0
2196,IDENTIFIER,int,k,599.0
2197,IDENTIFIER,int[],rowstr,599.0
2198,IDENTIFIER,int,j,599.0
2199,IDENTIFIER,int,k,599.0
2200,IDENTIFIER,double,d,600.0
2201,IDENTIFIER,double,d,600.0
2202,IDENTIFIER,double[],a,600.0
2203,IDENTIFIER,int,k,600.0
2204,IDENTIFIER,double[],z,600.0
2205,IDENTIFIER,int[],colidx,600.0
2206,IDENTIFIER,int,k,600.0
2207,IDENTIFIER,double[],r,602.0
2208,IDENTIFIER,int,j,602.0
2209,IDENTIFIER,double,d,602.0
2210,IDENTIFIER,int,j,608.0
2211,IDENTIFIER,int,j,608.0
2212,IDENTIFIER,int,lastcol,608.0
2213,IDENTIFIER,int,firstcol,608.0
2214,IDENTIFIER,int,j,608.0
2215,IDENTIFIER,double,d,609.0
2216,IDENTIFIER,double[],x,609.0
2217,IDENTIFIER,int,j,609.0
2218,IDENTIFIER,double[],r,609.0
2219,IDENTIFIER,int,j,609.0
2220,IDENTIFIER,double,sum,610.0
2221,IDENTIFIER,double,sum,610.0
2222,IDENTIFIER,double,d,610.0
2223,IDENTIFIER,double,d,610.0
2224,IDENTIFIER,double,rnorm,613.0
2225,IDENTIFIER,double,sum,613.0
2226,IDENTIFIER,int,nn1,667.0
2227,IDENTIFIER,int,nn1,669.0
2228,IDENTIFIER,int,nn1,669.0
2229,IDENTIFIER,int,nn1,670.0
2230,IDENTIFIER,int,n,670.0
2231,IDENTIFIER,int,iouter,675.0
2232,IDENTIFIER,int,iouter,675.0
2233,IDENTIFIER,int,n,675.0
2234,IDENTIFIER,int,iouter,675.0
2235,IDENTIFIER,int,nzv,676.0
2236,IDENTIFIER,ANY,NONZER,676.0
2237,IDENTIFIER,int,n,677.0
2238,IDENTIFIER,int,nzv,677.0
2239,IDENTIFIER,int,nn1,677.0
2240,IDENTIFIER,double[],vc,677.0
2241,IDENTIFIER,int[],ivc,677.0
2242,IDENTIFIER,int,n,678.0
2243,IDENTIFIER,double[],vc,678.0
2244,IDENTIFIER,int[],ivc,678.0
2245,IDENTIFIER,int,nzv,678.0
2246,IDENTIFIER,int,iouter,678.0
2247,IDENTIFIER,int[],arow,679.0
2248,IDENTIFIER,int,iouter,679.0
2249,IDENTIFIER,int,nzv,679.0
2250,IDENTIFIER,int,ivelt,681.0
2251,IDENTIFIER,int,ivelt,681.0
2252,IDENTIFIER,int,nzv,681.0
2253,IDENTIFIER,int,ivelt,681.0
2254,IDENTIFIER,int[][],acol,682.0
2255,IDENTIFIER,int,iouter,682.0
2256,IDENTIFIER,int,ivelt,682.0
2257,IDENTIFIER,int[],ivc,682.0
2258,IDENTIFIER,int,ivelt,682.0
2259,IDENTIFIER,double[][],aelt,683.0
2260,IDENTIFIER,int,iouter,683.0
2261,IDENTIFIER,int,ivelt,683.0
2262,IDENTIFIER,double[],vc,683.0
2263,IDENTIFIER,int,ivelt,683.0
2264,IDENTIFIER,double[],a,691.0
2265,IDENTIFIER,int[],colidx,691.0
2266,IDENTIFIER,int[],rowstr,691.0
2267,IDENTIFIER,int,n,691.0
2268,IDENTIFIER,int,nz,691.0
2269,IDENTIFIER,ANY,NONZER,691.0
2270,IDENTIFIER,int[],arow,691.0
2271,IDENTIFIER,int[][],acol,691.0
2272,IDENTIFIER,double[][],aelt,692.0
2273,IDENTIFIER,int,firstrow,692.0
2274,IDENTIFIER,int,lastrow,692.0
2275,IDENTIFIER,int[],iv,693.0
2276,IDENTIFIER,ANY,RCOND,693.0
2277,IDENTIFIER,ANY,SHIFT,693.0
2278,IDENTIFIER,int,nrows,732.0
2279,IDENTIFIER,int,lastrow,732.0
2280,IDENTIFIER,int,firstrow,732.0
2281,IDENTIFIER,int,j,737.0
2282,IDENTIFIER,int,j,737.0
2283,IDENTIFIER,int,nrows,737.0
2284,IDENTIFIER,int,j,737.0
2285,IDENTIFIER,int[],rowstr,738.0
2286,IDENTIFIER,int,j,738.0
2287,IDENTIFIER,int,i,741.0
2288,IDENTIFIER,int,i,741.0
2289,IDENTIFIER,int,n,741.0
2290,IDENTIFIER,int,i,741.0
2291,IDENTIFIER,int,nza,742.0
2292,IDENTIFIER,int,nza,742.0
2293,IDENTIFIER,int[],arow,742.0
2294,IDENTIFIER,int,i,742.0
2295,IDENTIFIER,int,nza,742.0
2296,IDENTIFIER,int,j,743.0
2297,IDENTIFIER,int[][],acol,743.0
2298,IDENTIFIER,int,i,743.0
2299,IDENTIFIER,int,nza,743.0
2300,IDENTIFIER,int[],rowstr,744.0
2301,IDENTIFIER,int,j,744.0
2302,IDENTIFIER,int[],rowstr,744.0
2303,IDENTIFIER,int,j,744.0
2304,IDENTIFIER,int[],arow,744.0
2305,IDENTIFIER,int,i,744.0
2306,IDENTIFIER,int[],rowstr,748.0
2307,IDENTIFIER,int,j,749.0
2308,IDENTIFIER,int,j,749.0
2309,IDENTIFIER,int,nrows,749.0
2310,IDENTIFIER,int,j,749.0
2311,IDENTIFIER,int[],rowstr,750.0
2312,IDENTIFIER,int,j,750.0
2313,IDENTIFIER,int[],rowstr,750.0
2314,IDENTIFIER,int,j,750.0
2315,IDENTIFIER,int[],rowstr,750.0
2316,IDENTIFIER,int,j,750.0
2317,IDENTIFIER,int,nza,752.0
2318,IDENTIFIER,int[],rowstr,752.0
2319,IDENTIFIER,int,nrows,752.0
2320,IDENTIFIER,int,nza,758.0
2321,IDENTIFIER,int,nz,758.0
2322,IDENTIFIER,int,nza,760.0
2323,IDENTIFIER,int,nz,760.0
2324,IDENTIFIER,int,j,767.0
2325,IDENTIFIER,int,j,767.0
2326,IDENTIFIER,int,nrows,767.0
2327,IDENTIFIER,int,j,767.0
2328,IDENTIFIER,int,k,768.0
2329,IDENTIFIER,int[],rowstr,768.0
2330,IDENTIFIER,int,j,768.0
2331,IDENTIFIER,int,k,768.0
2332,IDENTIFIER,int[],rowstr,768.0
2333,IDENTIFIER,int,j,768.0
2334,IDENTIFIER,int,k,768.0
2335,IDENTIFIER,double[],a,769.0
2336,IDENTIFIER,int,k,769.0
2337,IDENTIFIER,int[],colidx,770.0
2338,IDENTIFIER,int,k,770.0
2339,IDENTIFIER,int[],nzloc,772.0
2340,IDENTIFIER,int,j,772.0
2341,IDENTIFIER,double,size,778.0
2342,IDENTIFIER,double,ratio,779.0
2343,IDENTIFIER,double,rcond,779.0
2344,IDENTIFIER,int,n,779.0
2345,IDENTIFIER,int,i,781.0
2346,IDENTIFIER,int,i,781.0
2347,IDENTIFIER,int,n,781.0
2348,IDENTIFIER,int,i,781.0
2349,IDENTIFIER,int,nza,782.0
2350,IDENTIFIER,int,nza,782.0
2351,IDENTIFIER,int[],arow,782.0
2352,IDENTIFIER,int,i,782.0
2353,IDENTIFIER,int,nza,782.0
2354,IDENTIFIER,int,j,783.0
2355,IDENTIFIER,int[][],acol,783.0
2356,IDENTIFIER,int,i,783.0
2357,IDENTIFIER,int,nza,783.0
2358,IDENTIFIER,double,scale,785.0
2359,IDENTIFIER,double,size,785.0
2360,IDENTIFIER,double[][],aelt,785.0
2361,IDENTIFIER,int,i,785.0
2362,IDENTIFIER,int,nza,785.0
2363,IDENTIFIER,int,nzrow,786.0
2364,IDENTIFIER,int,nzrow,786.0
2365,IDENTIFIER,int[],arow,786.0
2366,IDENTIFIER,int,i,786.0
2367,IDENTIFIER,int,nzrow,786.0
2368,IDENTIFIER,int,jcol,787.0
2369,IDENTIFIER,int[][],acol,787.0
2370,IDENTIFIER,int,i,787.0
2371,IDENTIFIER,int,nzrow,787.0
2372,IDENTIFIER,double,va,788.0
2373,IDENTIFIER,double[][],aelt,788.0
2374,IDENTIFIER,int,i,788.0
2375,IDENTIFIER,int,nzrow,788.0
2376,IDENTIFIER,double,scale,788.0
2377,IDENTIFIER,int,jcol,794.0
2378,IDENTIFIER,int,j,794.0
2379,IDENTIFIER,int,j,794.0
2380,IDENTIFIER,int,i,794.0
2381,IDENTIFIER,double,va,795.0
2382,IDENTIFIER,double,va,795.0
2383,IDENTIFIER,double,rcond,795.0
2384,IDENTIFIER,double,shift,795.0
2385,IDENTIFIER,logical,cont40,798.0
2386,IDENTIFIER,ANY,false,798.0
2387,IDENTIFIER,int,k,799.0
2388,IDENTIFIER,int[],rowstr,799.0
2389,IDENTIFIER,int,j,799.0
2390,IDENTIFIER,int,k,799.0
2391,IDENTIFIER,int[],rowstr,799.0
2392,IDENTIFIER,int,j,799.0
2393,IDENTIFIER,int,k,799.0
2394,IDENTIFIER,int[],colidx,800.0
2395,IDENTIFIER,int,k,800.0
2396,IDENTIFIER,int,jcol,800.0
2397,IDENTIFIER,int,kk,804.0
2398,IDENTIFIER,int[],rowstr,804.0
2399,IDENTIFIER,int,j,804.0
2400,IDENTIFIER,int,kk,804.0
2401,IDENTIFIER,int,k,804.0
2402,IDENTIFIER,int,kk,804.0
2403,IDENTIFIER,int[],colidx,805.0
2404,IDENTIFIER,int,kk,805.0
2405,IDENTIFIER,double[],a,806.0
2406,IDENTIFIER,int,kk,806.0
2407,IDENTIFIER,double[],a,806.0
2408,IDENTIFIER,int,kk,806.0
2409,IDENTIFIER,int[],colidx,807.0
2410,IDENTIFIER,int,kk,807.0
2411,IDENTIFIER,int[],colidx,807.0
2412,IDENTIFIER,int,kk,807.0
2413,IDENTIFIER,int[],colidx,810.0
2414,IDENTIFIER,int,k,810.0
2415,IDENTIFIER,int,jcol,810.0
2416,IDENTIFIER,double[],a,811.0
2417,IDENTIFIER,int,k,811.0
2418,IDENTIFIER,logical,cont40,812.0
2419,IDENTIFIER,ANY,true,812.0
2420,IDENTIFIER,int[],colidx,814.0
2421,IDENTIFIER,int,k,814.0
2422,IDENTIFIER,int[],colidx,815.0
2423,IDENTIFIER,int,k,815.0
2424,IDENTIFIER,int,jcol,815.0
2425,IDENTIFIER,logical,cont40,816.0
2426,IDENTIFIER,ANY,true,816.0
2427,IDENTIFIER,int[],colidx,818.0
2428,IDENTIFIER,int,k,818.0
2429,IDENTIFIER,int,jcol,818.0
2430,IDENTIFIER,int[],nzloc,822.0
2431,IDENTIFIER,int,j,822.0
2432,IDENTIFIER,int[],nzloc,822.0
2433,IDENTIFIER,int,j,822.0
2434,IDENTIFIER,logical,cont40,823.0
2435,IDENTIFIER,ANY,true,823.0
2436,IDENTIFIER,logical,cont40,827.0
2437,IDENTIFIER,ANY,false,827.0
2438,IDENTIFIER,int,i,828.0
2439,IDENTIFIER,double[],a,831.0
2440,IDENTIFIER,int,k,831.0
2441,IDENTIFIER,double[],a,831.0
2442,IDENTIFIER,int,k,831.0
2443,IDENTIFIER,double,va,831.0
2444,IDENTIFIER,double,size,834.0
2445,IDENTIFIER,double,size,834.0
2446,IDENTIFIER,double,ratio,834.0
2447,IDENTIFIER,int,j,840.0
2448,IDENTIFIER,int,j,840.0
2449,IDENTIFIER,int,nrows,840.0
2450,IDENTIFIER,int,j,840.0
2451,IDENTIFIER,int[],nzloc,841.0
2452,IDENTIFIER,int,j,841.0
2453,IDENTIFIER,int[],nzloc,841.0
2454,IDENTIFIER,int,j,841.0
2455,IDENTIFIER,int[],nzloc,841.0
2456,IDENTIFIER,int,j,841.0
2457,IDENTIFIER,int,j,844.0
2458,IDENTIFIER,int,j,844.0
2459,IDENTIFIER,int,nrows,844.0
2460,IDENTIFIER,int,j,844.0
2461,IDENTIFIER,int,j,845.0
2462,IDENTIFIER,int,j1,846.0
2463,IDENTIFIER,int[],rowstr,846.0
2464,IDENTIFIER,int,j,846.0
2465,IDENTIFIER,int[],nzloc,846.0
2466,IDENTIFIER,int,j,846.0
2467,IDENTIFIER,int,j1,848.0
2468,IDENTIFIER,int,j2,850.0
2469,IDENTIFIER,int[],rowstr,850.0
2470,IDENTIFIER,int,j,850.0
2471,IDENTIFIER,int[],nzloc,850.0
2472,IDENTIFIER,int,j,850.0
2473,IDENTIFIER,int,nza,851.0
2474,IDENTIFIER,int[],rowstr,851.0
2475,IDENTIFIER,int,j,851.0
2476,IDENTIFIER,int,k,852.0
2477,IDENTIFIER,int,j1,852.0
2478,IDENTIFIER,int,k,852.0
2479,IDENTIFIER,int,j2,852.0
2480,IDENTIFIER,int,k,852.0
2481,IDENTIFIER,double[],a,853.0
2482,IDENTIFIER,int,k,853.0
2483,IDENTIFIER,double[],a,853.0
2484,IDENTIFIER,int,nza,853.0
2485,IDENTIFIER,int[],colidx,854.0
2486,IDENTIFIER,int,k,854.0
2487,IDENTIFIER,int[],colidx,854.0
2488,IDENTIFIER,int,nza,854.0
2489,IDENTIFIER,int,nza,855.0
2490,IDENTIFIER,int,nza,855.0
2491,IDENTIFIER,int,j,858.0
2492,IDENTIFIER,int,j,858.0
2493,IDENTIFIER,int,nrows,858.0
2494,IDENTIFIER,int,j,858.0
2495,IDENTIFIER,int[],rowstr,859.0
2496,IDENTIFIER,int,j,859.0
2497,IDENTIFIER,int[],rowstr,859.0
2498,IDENTIFIER,int,j,859.0
2499,IDENTIFIER,int[],nzloc,859.0
2500,IDENTIFIER,int,j,859.0
2501,IDENTIFIER,int,nza,861.0
2502,IDENTIFIER,int[],rowstr,861.0
2503,IDENTIFIER,int,nrows,861.0
2504,IDENTIFIER,int,nzv,880.0
2505,IDENTIFIER,int,nzv,882.0
2506,IDENTIFIER,int,nz,882.0
2507,IDENTIFIER,double,vecelt,883.0
2508,IDENTIFIER,double,tran,883.0
2509,IDENTIFIER,double,amult,883.0
2510,IDENTIFIER,double,vecloc,888.0
2511,IDENTIFIER,double,tran,888.0
2512,IDENTIFIER,double,amult,888.0
2513,IDENTIFIER,int,i,889.0
2514,IDENTIFIER,double,vecloc,889.0
2515,IDENTIFIER,int,nn1,889.0
2516,IDENTIFIER,int,i,890.0
2517,IDENTIFIER,int,n,890.0
2518,IDENTIFIER,logical,was_gen,895.0
2519,IDENTIFIER,ANY,false,895.0
2520,IDENTIFIER,int,ii,896.0
2521,IDENTIFIER,int,ii,896.0
2522,IDENTIFIER,int,nzv,896.0
2523,IDENTIFIER,int,ii,896.0
2524,IDENTIFIER,int[],iv,897.0
2525,IDENTIFIER,int,ii,897.0
2526,IDENTIFIER,int,i,897.0
2527,IDENTIFIER,logical,was_gen,898.0
2528,IDENTIFIER,ANY,true,898.0
2529,IDENTIFIER,logical,was_gen,902.0
2530,IDENTIFIER,double[],v,903.0
2531,IDENTIFIER,int,nzv,903.0
2532,IDENTIFIER,double,vecelt,903.0
2533,IDENTIFIER,int[],iv,904.0
2534,IDENTIFIER,int,nzv,904.0
2535,IDENTIFIER,int,i,904.0
2536,IDENTIFIER,int,nzv,905.0
2537,IDENTIFIER,int,nzv,905.0
2538,IDENTIFIER,int,ipwr2,915.0
2539,IDENTIFIER,double,x,915.0
2540,IDENTIFIER,logical,set,928.0
2541,IDENTIFIER,ANY,false,928.0
2542,IDENTIFIER,int,k,929.0
2543,IDENTIFIER,int,k,929.0
2544,IDENTIFIER,int,nzv,929.0
2545,IDENTIFIER,int,k,929.0
2546,IDENTIFIER,int[],iv,930.0
2547,IDENTIFIER,int,k,930.0
2548,IDENTIFIER,int,i,930.0
2549,IDENTIFIER,double[],v,931.0
2550,IDENTIFIER,int,k,931.0
2551,IDENTIFIER,double,val,931.0
2552,IDENTIFIER,logical,set,932.0
2553,IDENTIFIER,ANY,true,932.0
2554,IDENTIFIER,logical,set,935.0
2555,IDENTIFIER,ANY,false,935.0
2556,IDENTIFIER,double[],v,936.0
2557,IDENTIFIER,int,nzv,936.0
2558,IDENTIFIER,double,val,936.0
2559,IDENTIFIER,int[],iv,937.0
2560,IDENTIFIER,int,nzv,937.0
2561,IDENTIFIER,int,i,937.0
2562,IDENTIFIER,int,nzv,938.0
2563,IDENTIFIER,int,nzv,938.0
